race_id,race_year,round,circuit_id,name,ingestion_date,race_timestamp
1053,2021,2,21,Emilia Romagna Grand Prix,2024-10-07T11:40:53.013Z,2021-04-18T13:00:00.000Z
1052,2021,1,3,Bahrain Grand Prix,2024-10-07T11:40:53.013Z,2021-03-28T15:00:00.000Z
1051,2021,21,1,Australian Grand Prix,2024-10-07T11:40:53.013Z,2021-11-21T06:00:00.000Z
1054,2021,3,75,Portuguese Grand Prix,2024-10-07T11:40:53.013Z,2021-05-02T14:00:00.000Z
1055,2021,4,4,Spanish Grand Prix,2024-10-07T11:40:53.013Z,2021-05-09T13:00:00.000Z
1056,2021,5,6,Monaco Grand Prix,2024-10-07T11:40:53.013Z,2021-05-23T13:00:00.000Z
1057,2021,6,73,Azerbaijan Grand Prix,2024-10-07T11:40:53.013Z,2021-06-06T12:00:00.000Z
1058,2021,8,70,Styrian Grand Prix,2024-10-07T11:40:53.013Z,2021-06-27T13:00:00.000Z
1059,2021,7,34,French Grand Prix,2024-10-07T11:40:53.013Z,2021-06-20T13:00:00.000Z
1060,2021,9,70,Austrian Grand Prix,2024-10-07T11:40:53.013Z,2021-07-04T13:00:00.000Z
1061,2021,10,9,British Grand Prix,2024-10-07T11:40:53.013Z,2021-07-18T14:00:00.000Z
1062,2021,11,11,Hungarian Grand Prix,2024-10-07T11:40:53.013Z,2021-08-01T13:00:00.000Z
1063,2021,12,13,Belgian Grand Prix,2024-10-07T11:40:53.013Z,2021-08-29T13:00:00.000Z
1064,2021,13,39,Dutch Grand Prix,2024-10-07T11:40:53.013Z,2021-09-05T13:00:00.000Z
1065,2021,14,14,Italian Grand Prix,2024-10-07T11:40:53.013Z,2021-09-12T13:00:00.000Z
1066,2021,15,71,Russian Grand Prix,2024-10-07T11:40:53.013Z,2021-09-26T12:00:00.000Z
1067,2021,16,15,Singapore Grand Prix,2024-10-07T11:40:53.013Z,2021-10-03T12:00:00.000Z
1068,2021,17,22,Japanese Grand Prix,2024-10-07T11:40:53.013Z,2021-10-10T05:00:00.000Z
1069,2021,18,69,United States Grand Prix,2024-10-07T11:40:53.013Z,2021-10-24T19:00:00.000Z
1070,2021,19,32,Mexico City Grand Prix,2024-10-07T11:40:53.013Z,2021-10-31T19:00:00.000Z
1071,2021,20,18,Brazilian Grand Prix,2024-10-07T11:40:53.013Z,2021-11-07T17:00:00.000Z
1072,2021,22,77,Saudi Arabian Grand Prix,2024-10-07T11:40:53.013Z,2021-12-05T16:00:00.000Z
1073,2021,23,24,Abu Dhabi Grand Prix,2024-10-07T11:40:53.013Z,2021-12-12T13:00:00.000Z
36,2007,1,1,Australian Grand Prix,2024-10-07T11:40:53.013Z,2007-03-18T03:00:00.000Z
37,2007,2,2,Malaysian Grand Prix,2024-10-07T11:40:53.013Z,2007-04-08T07:00:00.000Z
38,2007,3,3,Bahrain Grand Prix,2024-10-07T11:40:53.013Z,2007-04-15T11:30:00.000Z
39,2007,4,4,Spanish Grand Prix,2024-10-07T11:40:53.013Z,2007-05-13T12:00:00.000Z
40,2007,5,6,Monaco Grand Prix,2024-10-07T11:40:53.013Z,2007-05-27T12:00:00.000Z
41,2007,6,7,Canadian Grand Prix,2024-10-07T11:40:53.013Z,2007-06-10T17:00:00.000Z
42,2007,7,19,United States Grand Prix,2024-10-07T11:40:53.013Z,2007-06-17T17:00:00.000Z
43,2007,8,8,French Grand Prix,2024-10-07T11:40:53.013Z,2007-07-01T12:00:00.000Z
44,2007,9,9,British Grand Prix,2024-10-07T11:40:53.013Z,2007-07-08T12:00:00.000Z
45,2007,10,20,European Grand Prix,2024-10-07T11:40:53.013Z,2007-07-22T12:00:00.000Z
46,2007,11,11,Hungarian Grand Prix,2024-10-07T11:40:53.013Z,2007-08-05T12:00:00.000Z
47,2007,12,5,Turkish Grand Prix,2024-10-07T11:40:53.013Z,2007-08-26T12:00:00.000Z
48,2007,13,14,Italian Grand Prix,2024-10-07T11:40:53.013Z,2007-09-09T12:00:00.000Z
49,2007,14,13,Belgian Grand Prix,2024-10-07T11:40:53.013Z,2007-09-16T12:00:00.000Z
50,2007,15,16,Japanese Grand Prix,2024-10-07T11:40:53.013Z,2007-09-30T04:30:00.000Z
51,2007,16,17,Chinese Grand Prix,2024-10-07T11:40:53.013Z,2007-10-07T06:00:00.000Z
52,2007,17,18,Brazilian Grand Prix,2024-10-07T11:40:53.013Z,2007-10-21T16:00:00.000Z
124,2002,1,1,Australian Grand Prix,2024-10-07T11:40:53.013Z,null
125,2002,2,2,Malaysian Grand Prix,2024-10-07T11:40:53.013Z,null
126,2002,3,18,Brazilian Grand Prix,2024-10-07T11:40:53.013Z,null
127,2002,4,21,San Marino Grand Prix,2024-10-07T11:40:53.013Z,null
128,2002,5,4,Spanish Grand Prix,2024-10-07T11:40:53.013Z,null
129,2002,6,23,Austrian Grand Prix,2024-10-07T11:40:53.013Z,null
130,2002,7,6,Monaco Grand Prix,2024-10-07T11:40:53.013Z,null
131,2002,8,7,Canadian Grand Prix,2024-10-07T11:40:53.013Z,null
132,2002,9,20,European Grand Prix,2024-10-07T11:40:53.013Z,null
133,2002,10,9,British Grand Prix,2024-10-07T11:40:53.013Z,null
134,2002,11,8,French Grand Prix,2024-10-07T11:40:53.013Z,null
135,2002,12,10,German Grand Prix,2024-10-07T11:40:53.013Z,null
136,2002,13,11,Hungarian Grand Prix,2024-10-07T11:40:53.013Z,null
137,2002,14,13,Belgian Grand Prix,2024-10-07T11:40:53.013Z,null
138,2002,15,14,Italian Grand Prix,2024-10-07T11:40:53.013Z,null
139,2002,16,19,United States Grand Prix,2024-10-07T11:40:53.013Z,null
140,2002,17,22,Japanese Grand Prix,2024-10-07T11:40:53.013Z,null
560,1976,1,18,Brazilian Grand Prix,2024-10-07T11:40:53.013Z,null
561,1976,2,30,South African Grand Prix,2024-10-07T11:40:53.013Z,null
562,1976,3,43,United States Grand Prix West,2024-10-07T11:40:53.013Z,null
563,1976,4,45,Spanish Grand Prix,2024-10-07T11:40:53.013Z,null
564,1976,5,40,Belgian Grand Prix,2024-10-07T11:40:53.013Z,null
565,1976,6,6,Monaco Grand Prix,2024-10-07T11:40:53.013Z,null
566,1976,7,47,Swedish Grand Prix,2024-10-07T11:40:53.013Z,null
567,1976,8,34,French Grand Prix,2024-10-07T11:40:53.013Z,null
568,1976,9,38,British Grand Prix,2024-10-07T11:40:53.013Z,null
569,1976,10,20,German Grand Prix,2024-10-07T11:40:53.013Z,null
570,1976,11,23,Austrian Grand Prix,2024-10-07T11:40:53.013Z,null
571,1976,12,39,Dutch Grand Prix,2024-10-07T11:40:53.013Z,null
572,1976,13,14,Italian Grand Prix,2024-10-07T11:40:53.013Z,null
573,1976,14,48,Canadian Grand Prix,2024-10-07T11:40:53.013Z,null
574,1976,15,46,United States Grand Prix,2024-10-07T11:40:53.013Z,null
575,1976,16,16,Japanese Grand Prix,2024-10-07T11:40:53.013Z,null
108,2003,1,1,Australian Grand Prix,2024-10-07T11:40:53.013Z,null
109,2003,2,2,Malaysian Grand Prix,2024-10-07T11:40:53.013Z,null
110,2003,3,18,Brazilian Grand Prix,2024-10-07T11:40:53.013Z,null
111,2003,4,21,San Marino Grand Prix,2024-10-07T11:40:53.013Z,null
112,2003,5,4,Spanish Grand Prix,2024-10-07T11:40:53.013Z,null
113,2003,6,23,Austrian Grand Prix,2024-10-07T11:40:53.013Z,null
114,2003,7,6,Monaco Grand Prix,2024-10-07T11:40:53.013Z,null
115,2003,8,7,Canadian Grand Prix,2024-10-07T11:40:53.013Z,null
116,2003,9,20,European Grand Prix,2024-10-07T11:40:53.013Z,null
117,2003,10,8,French Grand Prix,2024-10-07T11:40:53.013Z,null
118,2003,11,9,British Grand Prix,2024-10-07T11:40:53.013Z,null
119,2003,12,10,German Grand Prix,2024-10-07T11:40:53.013Z,null
120,2003,13,11,Hungarian Grand Prix,2024-10-07T11:40:53.013Z,null
121,2003,14,14,Italian Grand Prix,2024-10-07T11:40:53.013Z,null
122,2003,15,19,United States Grand Prix,2024-10-07T11:40:53.013Z,null
123,2003,16,22,Japanese Grand Prix,2024-10-07T11:40:53.013Z,null
420,1985,1,36,Brazilian Grand Prix,2024-10-07T11:40:53.013Z,null
421,1985,2,27,Portuguese Grand Prix,2024-10-07T11:40:53.013Z,null
422,1985,3,21,San Marino Grand Prix,2024-10-07T11:40:53.013Z,null
423,1985,4,6,Monaco Grand Prix,2024-10-07T11:40:53.013Z,null
424,1985,5,7,Canadian Grand Prix,2024-10-07T11:40:53.013Z,null
425,1985,6,37,Detroit Grand Prix,2024-10-07T11:40:53.013Z,null
426,1985,7,34,French Grand Prix,2024-10-07T11:40:53.013Z,null
427,1985,8,9,British Grand Prix,2024-10-07T11:40:53.013Z,null
428,1985,9,20,German Grand Prix,2024-10-07T11:40:53.013Z,null
429,1985,10,23,Austrian Grand Prix,2024-10-07T11:40:53.013Z,null
430,1985,11,39,Dutch Grand Prix,2024-10-07T11:40:53.013Z,null
431,1985,12,14,Italian Grand Prix,2024-10-07T11:40:53.013Z,null
432,1985,13,13,Belgian Grand Prix,2024-10-07T11:40:53.013Z,null
433,1985,14,38,European Grand Prix,2024-10-07T11:40:53.013Z,null
434,1985,15,30,South African Grand Prix,2024-10-07T11:40:53.013Z,null
435,1985,16,29,Australian Grand Prix,2024-10-07T11:40:53.013Z,null
356,1989,1,36,Brazilian Grand Prix,2024-10-07T11:40:53.013Z,null
357,1989,2,21,San Marino Grand Prix,2024-10-07T11:40:53.013Z,null
358,1989,3,6,Monaco Grand Prix,2024-10-07T11:40:53.013Z,null
359,1989,4,32,Mexican Grand Prix,2024-10-07T11:40:53.013Z,null
360,1989,5,33,United States Grand Prix,2024-10-07T11:40:53.013Z,null
361,1989,6,7,Canadian Grand Prix,2024-10-07T11:40:53.013Z,null
362,1989,7,34,French Grand Prix,2024-10-07T11:40:53.013Z,null
363,1989,8,9,British Grand Prix,2024-10-07T11:40:53.013Z,null
364,1989,9,10,German Grand Prix,2024-10-07T11:40:53.013Z,null
365,1989,10,11,Hungarian Grand Prix,2024-10-07T11:40:53.013Z,null
366,1989,11,13,Belgian Grand Prix,2024-10-07T11:40:53.013Z,null
367,1989,12,14,Italian Grand Prix,2024-10-07T11:40:53.013Z,null
368,1989,13,27,Portuguese Grand Prix,2024-10-07T11:40:53.013Z,null
369,1989,14,26,Spanish Grand Prix,2024-10-07T11:40:53.013Z,null
370,1989,15,22,Japanese Grand Prix,2024-10-07T11:40:53.013Z,null
371,1989,16,29,Australian Grand Prix,2024-10-07T11:40:53.013Z,null
321,1990,1,33,United States Grand Prix,2024-10-07T11:40:53.013Z,null
322,1990,2,18,Brazilian Grand Prix,2024-10-07T11:40:53.013Z,null
323,1990,3,21,San Marino Grand Prix,2024-10-07T11:40:53.013Z,null
324,1990,4,6,Monaco Grand Prix,2024-10-07T11:40:53.013Z,null
325,1990,5,7,Canadian Grand Prix,2024-10-07T11:40:53.013Z,null
326,1990,6,32,Mexican Grand Prix,2024-10-07T11:40:53.013Z,null
327,1990,7,34,French Grand Prix,2024-10-07T11:40:53.013Z,null
328,1990,8,9,British Grand Prix,2024-10-07T11:40:53.013Z,null
329,1990,9,10,German Grand Prix,2024-10-07T11:40:53.013Z,null
330,1990,10,11,Hungarian Grand Prix,2024-10-07T11:40:53.013Z,null
331,1990,11,13,Belgian Grand Prix,2024-10-07T11:40:53.013Z,null
332,1990,12,14,Italian Grand Prix,2024-10-07T11:40:53.013Z,null
333,1990,13,27,Portuguese Grand Prix,2024-10-07T11:40:53.013Z,null
334,1990,14,26,Spanish Grand Prix,2024-10-07T11:40:53.013Z,null
335,1990,15,22,Japanese Grand Prix,2024-10-07T11:40:53.013Z,null
336,1990,16,29,Australian Grand Prix,2024-10-07T11:40:53.013Z,null
257,1994,1,18,Brazilian Grand Prix,2024-10-07T11:40:53.013Z,null
258,1994,2,28,Pacific Grand Prix,2024-10-07T11:40:53.013Z,null
259,1994,3,21,San Marino Grand Prix,2024-10-07T11:40:53.013Z,null
260,1994,4,6,Monaco Grand Prix,2024-10-07T11:40:53.013Z,null
261,1994,5,4,Spanish Grand Prix,2024-10-07T11:40:53.013Z,null
262,1994,6,7,Canadian Grand Prix,2024-10-07T11:40:53.013Z,null
263,1994,7,8,French Grand Prix,2024-10-07T11:40:53.013Z,null
264,1994,8,9,British Grand Prix,2024-10-07T11:40:53.013Z,null
265,1994,9,10,German Grand Prix,2024-10-07T11:40:53.013Z,null
266,1994,10,11,Hungarian Grand Prix,2024-10-07T11:40:53.013Z,null
267,1994,11,13,Belgian Grand Prix,2024-10-07T11:40:53.013Z,null
268,1994,12,14,Italian Grand Prix,2024-10-07T11:40:53.013Z,null
269,1994,13,27,Portuguese Grand Prix,2024-10-07T11:40:53.013Z,null
270,1994,14,26,European Grand Prix,2024-10-07T11:40:53.013Z,null
271,1994,15,22,Japanese Grand Prix,2024-10-07T11:40:53.013Z,null
272,1994,16,29,Australian Grand Prix,2024-10-07T11:40:53.013Z,null
605,1973,1,25,Argentine Grand Prix,2024-10-07T11:40:53.013Z,null
606,1973,2,18,Brazilian Grand Prix,2024-10-07T11:40:53.013Z,null
607,1973,3,30,South African Grand Prix,2024-10-07T11:40:53.013Z,null
608,1973,4,49,Spanish Grand Prix,2024-10-07T11:40:53.013Z,null
609,1973,5,40,Belgian Grand Prix,2024-10-07T11:40:53.013Z,null
610,1973,6,6,Monaco Grand Prix,2024-10-07T11:40:53.013Z,null
611,1973,7,47,Swedish Grand Prix,2024-10-07T11:40:53.013Z,null
612,1973,8,34,French Grand Prix,2024-10-07T11:40:53.013Z,null
613,1973,9,9,British Grand Prix,2024-10-07T11:40:53.013Z,null
614,1973,10,39,Dutch Grand Prix,2024-10-07T11:40:53.013Z,null
615,1973,11,20,German Grand Prix,2024-10-07T11:40:53.013Z,null
616,1973,12,23,Austrian Grand Prix,2024-10-07T11:40:53.013Z,null
617,1973,13,14,Italian Grand Prix,2024-10-07T11:40:53.013Z,null
618,1973,14,48,Canadian Grand Prix,2024-10-07T11:40:53.013Z,null
619,1973,15,46,United States Grand Prix,2024-10-07T11:40:53.013Z,null
175,1999,1,1,Australian Grand Prix,2024-10-07T11:40:53.013Z,null
176,1999,2,18,Brazilian Grand Prix,2024-10-07T11:40:53.013Z,null
177,1999,3,21,San Marino Grand Prix,2024-10-07T11:40:53.013Z,null
178,1999,4,6,Monaco Grand Prix,2024-10-07T11:40:53.013Z,null
179,1999,5,4,Spanish Grand Prix,2024-10-07T11:40:53.013Z,null
180,1999,6,7,Canadian Grand Prix,2024-10-07T11:40:53.013Z,null
181,1999,7,8,French Grand Prix,2024-10-07T11:40:53.013Z,null
182,1999,8,9,British Grand Prix,2024-10-07T11:40:53.013Z,null
183,1999,9,23,Austrian Grand Prix,2024-10-07T11:40:53.013Z,null
184,1999,10,10,German Grand Prix,2024-10-07T11:40:53.013Z,null
185,1999,11,11,Hungarian Grand Prix,2024-10-07T11:40:53.013Z,null
186,1999,12,13,Belgian Grand Prix,2024-10-07T11:40:53.013Z,null
187,1999,13,14,Italian Grand Prix,2024-10-07T11:40:53.013Z,null
188,1999,14,20,European Grand Prix,2024-10-07T11:40:53.013Z,null
189,1999,15,2,Malaysian Grand Prix,2024-10-07T11:40:53.013Z,null
190,1999,16,22,Japanese Grand Prix,2024-10-07T11:40:53.013Z,null
498,1980,1,25,Argentine Grand Prix,2024-10-07T11:40:53.013Z,null
499,1980,2,18,Brazilian Grand Prix,2024-10-07T11:40:53.013Z,null
500,1980,3,30,South African Grand Prix,2024-10-07T11:40:53.013Z,null
501,1980,4,43,United States Grand Prix West,2024-10-07T11:40:53.013Z,null
502,1980,5,40,Belgian Grand Prix,2024-10-07T11:40:53.013Z,null
503,1980,6,6,Monaco Grand Prix,2024-10-07T11:40:53.013Z,null
504,1980,7,34,French Grand Prix,2024-10-07T11:40:53.013Z,null
505,1980,8,38,British Grand Prix,2024-10-07T11:40:53.013Z,null
506,1980,9,10,German Grand Prix,2024-10-07T11:40:53.013Z,null
507,1980,10,23,Austrian Grand Prix,2024-10-07T11:40:53.013Z,null
508,1980,11,39,Dutch Grand Prix,2024-10-07T11:40:53.013Z,null
509,1980,12,21,Italian Grand Prix,2024-10-07T11:40:53.013Z,null
510,1980,13,7,Canadian Grand Prix,2024-10-07T11:40:53.013Z,null
511,1980,14,46,United States Grand Prix,2024-10-07T11:40:53.013Z,null
576,1975,1,25,Argentine Grand Prix,2024-10-07T11:40:53.013Z,null
577,1975,2,18,Brazilian Grand Prix,2024-10-07T11:40:53.013Z,null
578,1975,3,30,South African Grand Prix,2024-10-07T11:40:53.013Z,null
579,1975,4,49,Spanish Grand Prix,2024-10-07T11:40:53.013Z,null
580,1975,5,6,Monaco Grand Prix,2024-10-07T11:40:53.013Z,null
581,1975,6,40,Belgian Grand Prix,2024-10-07T11:40:53.013Z,null
582,1975,7,47,Swedish Grand Prix,2024-10-07T11:40:53.013Z,null
583,1975,8,39,Dutch Grand Prix,2024-10-07T11:40:53.013Z,null
584,1975,9,34,French Grand Prix,2024-10-07T11:40:53.013Z,null
585,1975,10,9,British Grand Prix,2024-10-07T11:40:53.013Z,null
586,1975,11,20,German Grand Prix,2024-10-07T11:40:53.013Z,null
587,1975,12,23,Austrian Grand Prix,2024-10-07T11:40:53.013Z,null
588,1975,13,14,Italian Grand Prix,2024-10-07T11:40:53.013Z,null
589,1975,14,46,United States Grand Prix,2024-10-07T11:40:53.013Z,null
765,1958,1,25,Argentine Grand Prix,2024-10-07T11:40:53.013Z,null
766,1958,2,6,Monaco Grand Prix,2024-10-07T11:40:53.013Z,null
767,1958,3,39,Dutch Grand Prix,2024-10-07T11:40:53.013Z,null
768,1958,4,19,Indianapolis 500,2024-10-07T11:40:53.013Z,null
769,1958,5,13,Belgian Grand Prix,2024-10-07T11:40:53.013Z,null
770,1958,6,55,French Grand Prix,2024-10-07T11:40:53.013Z,null
771,1958,7,9,British Grand Prix,2024-10-07T11:40:53.013Z,null
772,1958,8,20,German Grand Prix,2024-10-07T11:40:53.013Z,null
773,1958,9,59,Portuguese Grand Prix,2024-10-07T11:40:53.013Z,null
774,1958,10,14,Italian Grand Prix,2024-10-07T11:40:53.013Z,null
775,1958,11,64,Moroccan Grand Prix,2024-10-07T11:40:53.013Z,null
656,1969,1,30,South African Grand Prix,2024-10-07T11:40:53.013Z,null
657,1969,2,49,Spanish Grand Prix,2024-10-07T11:40:53.013Z,null
658,1969,3,6,Monaco Grand Prix,2024-10-07T11:40:53.013Z,null
659,1969,4,39,Dutch Grand Prix,2024-10-07T11:40:53.013Z,null
660,1969,5,51,French Grand Prix,2024-10-07T11:40:53.013Z,null
661,1969,6,9,British Grand Prix,2024-10-07T11:40:53.013Z,null
662,1969,7,20,German Grand Prix,2024-10-07T11:40:53.013Z,null
663,1969,8,14,Italian Grand Prix,2024-10-07T11:40:53.013Z,null
664,1969,9,48,Canadian Grand Prix,2024-10-07T11:40:53.013Z,null
665,1969,10,46,United States Grand Prix,2024-10-07T11:40:53.013Z,null
666,1969,11,32,Mexican Grand Prix,2024-10-07T11:40:53.013Z,null
690,1966,1,6,Monaco Grand Prix,2024-10-07T11:40:53.013Z,null
691,1966,2,13,Belgian Grand Prix,2024-10-07T11:40:53.013Z,null
692,1966,3,55,French Grand Prix,2024-10-07T11:40:53.013Z,null
693,1966,4,38,British Grand Prix,2024-10-07T11:40:53.013Z,null
694,1966,5,39,Dutch Grand Prix,2024-10-07T11:40:53.013Z,null
695,1966,6,20,German Grand Prix,2024-10-07T11:40:53.013Z,null
696,1966,7,14,Italian Grand Prix,2024-10-07T11:40:53.013Z,null
697,1966,8,46,United States Grand Prix,2024-10-07T11:40:53.013Z,null
698,1966,9,32,Mexican Grand Prix,2024-10-07T11:40:53.013Z,null
799,1954,1,25,Argentine Grand Prix,2024-10-07T11:40:53.013Z,null
800,1954,2,19,Indianapolis 500,2024-10-07T11:40:53.013Z,null
801,1954,3,13,Belgian Grand Prix,2024-10-07T11:40:53.013Z,null
802,1954,4,55,French Grand Prix,2024-10-07T11:40:53.013Z,null
803,1954,5,9,British Grand Prix,2024-10-07T11:40:53.013Z,null
804,1954,6,20,German Grand Prix,2024-10-07T11:40:53.013Z,null
805,1954,7,66,Swiss Grand Prix,2024-10-07T11:40:53.013Z,null
806,1954,8,14,Italian Grand Prix,2024-10-07T11:40:53.013Z,null
807,1954,9,67,Spanish Grand Prix,2024-10-07T11:40:53.013Z,null
808,1953,1,25,Argentine Grand Prix,2024-10-07T11:40:53.013Z,null
809,1953,2,19,Indianapolis 500,2024-10-07T11:40:53.013Z,null
810,1953,3,39,Dutch Grand Prix,2024-10-07T11:40:53.013Z,null
811,1953,4,13,Belgian Grand Prix,2024-10-07T11:40:53.013Z,null
812,1953,5,55,French Grand Prix,2024-10-07T11:40:53.013Z,null
813,1953,6,9,British Grand Prix,2024-10-07T11:40:53.013Z,null
814,1953,7,20,German Grand Prix,2024-10-07T11:40:53.013Z,null
815,1953,8,66,Swiss Grand Prix,2024-10-07T11:40:53.013Z,null
816,1953,9,14,Italian Grand Prix,2024-10-07T11:40:53.013Z,null
817,1952,1,66,Swiss Grand Prix,2024-10-07T11:40:53.013Z,null
818,1952,2,19,Indianapolis 500,2024-10-07T11:40:53.013Z,null
819,1952,3,13,Belgian Grand Prix,2024-10-07T11:40:53.013Z,null
820,1952,4,53,French Grand Prix,2024-10-07T11:40:53.013Z,null
821,1952,5,9,British Grand Prix,2024-10-07T11:40:53.013Z,null
822,1952,6,20,German Grand Prix,2024-10-07T11:40:53.013Z,null
823,1952,7,39,Dutch Grand Prix,2024-10-07T11:40:53.013Z,null
824,1952,8,14,Italian Grand Prix,2024-10-07T11:40:53.013Z,null
989,2018,1,1,Australian Grand Prix,2024-10-07T11:40:53.013Z,2018-03-25T05:10:00.000Z
990,2018,2,3,Bahrain Grand Prix,2024-10-07T11:40:53.013Z,2018-04-08T15:10:00.000Z
991,2018,3,17,Chinese Grand Prix,2024-10-07T11:40:53.013Z,2018-04-15T06:10:00.000Z
992,2018,4,73,Azerbaijan Grand Prix,2024-10-07T11:40:53.013Z,2018-04-29T12:10:00.000Z
993,2018,5,4,Spanish Grand Prix,2024-10-07T11:40:53.013Z,2018-05-13T13:10:00.000Z
994,2018,6,6,Monaco Grand Prix,2024-10-07T11:40:53.013Z,2018-05-27T13:10:00.000Z
995,2018,7,7,Canadian Grand Prix,2024-10-07T11:40:53.013Z,2018-06-10T18:10:00.000Z
996,2018,8,34,French Grand Prix,2024-10-07T11:40:53.013Z,2018-06-24T14:10:00.000Z
997,2018,9,70,Austrian Grand Prix,2024-10-07T11:40:53.013Z,2018-07-01T13:10:00.000Z
998,2018,10,9,British Grand Prix,2024-10-07T11:40:53.013Z,2018-07-08T13:10:00.000Z
999,2018,11,10,German Grand Prix,2024-10-07T11:40:53.013Z,2018-07-22T13:10:00.000Z
1000,2018,12,11,Hungarian Grand Prix,2024-10-07T11:40:53.013Z,2018-07-29T13:10:00.000Z
1001,2018,13,13,Belgian Grand Prix,2024-10-07T11:40:53.013Z,2018-08-26T13:10:00.000Z
1002,2018,14,14,Italian Grand Prix,2024-10-07T11:40:53.013Z,2018-09-02T13:10:00.000Z
1003,2018,15,15,Singapore Grand Prix,2024-10-07T11:40:53.013Z,2018-09-16T12:10:00.000Z
1004,2018,16,71,Russian Grand Prix,2024-10-07T11:40:53.013Z,2018-09-30T11:10:00.000Z
1005,2018,17,22,Japanese Grand Prix,2024-10-07T11:40:53.013Z,2018-10-07T05:10:00.000Z
1006,2018,18,69,United States Grand Prix,2024-10-07T11:40:53.013Z,2018-10-21T18:10:00.000Z
1007,2018,19,32,Mexican Grand Prix,2024-10-07T11:40:53.013Z,2018-10-28T19:10:00.000Z
1008,2018,20,18,Brazilian Grand Prix,2024-10-07T11:40:53.013Z,2018-11-11T17:10:00.000Z
1009,2018,21,24,Abu Dhabi Grand Prix,2024-10-07T11:40:53.013Z,2018-11-25T13:10:00.000Z
969,2017,1,1,Australian Grand Prix,2024-10-07T11:40:53.013Z,2017-03-26T05:00:00.000Z
970,2017,2,17,Chinese Grand Prix,2024-10-07T11:40:53.013Z,2017-04-09T06:00:00.000Z
971,2017,3,3,Bahrain Grand Prix,2024-10-07T11:40:53.013Z,2017-04-16T15:00:00.000Z
972,2017,4,71,Russian Grand Prix,2024-10-07T11:40:53.013Z,2017-04-30T12:00:00.000Z
973,2017,5,4,Spanish Grand Prix,2024-10-07T11:40:53.013Z,2017-05-14T12:00:00.000Z
974,2017,6,6,Monaco Grand Prix,2024-10-07T11:40:53.013Z,2017-05-28T12:00:00.000Z
975,2017,7,7,Canadian Grand Prix,2024-10-07T11:40:53.013Z,2017-06-11T18:00:00.000Z
976,2017,8,73,Azerbaijan Grand Prix,2024-10-07T11:40:53.013Z,2017-06-25T13:00:00.000Z
977,2017,9,70,Austrian Grand Prix,2024-10-07T11:40:53.013Z,2017-07-09T12:00:00.000Z
978,2017,10,9,British Grand Prix,2024-10-07T11:40:53.013Z,2017-07-16T12:00:00.000Z
979,2017,11,11,Hungarian Grand Prix,2024-10-07T11:40:53.013Z,2017-07-30T12:00:00.000Z
980,2017,12,13,Belgian Grand Prix,2024-10-07T11:40:53.013Z,2017-08-27T12:00:00.000Z
981,2017,13,14,Italian Grand Prix,2024-10-07T11:40:53.013Z,2017-09-03T12:00:00.000Z
982,2017,14,15,Singapore Grand Prix,2024-10-07T11:40:53.013Z,2017-09-17T12:00:00.000Z
983,2017,15,2,Malaysian Grand Prix,2024-10-07T11:40:53.013Z,2017-10-01T07:00:00.000Z
984,2017,16,22,Japanese Grand Prix,2024-10-07T11:40:53.013Z,2017-10-08T05:00:00.000Z
985,2017,17,69,United States Grand Prix,2024-10-07T11:40:53.013Z,2017-10-22T19:00:00.000Z
986,2017,18,32,Mexican Grand Prix,2024-10-07T11:40:53.013Z,2017-10-29T19:00:00.000Z
987,2017,19,18,Brazilian Grand Prix,2024-10-07T11:40:53.013Z,2017-11-12T16:00:00.000Z
988,2017,20,24,Abu Dhabi Grand Prix,2024-10-07T11:40:53.013Z,2017-11-26T13:00:00.000Z
931,2015,6,6,Monaco Grand Prix,2024-10-07T11:40:53.013Z,2015-05-24T12:00:00.000Z
932,2015,7,7,Canadian Grand Prix,2024-10-07T11:40:53.013Z,2015-06-07T18:00:00.000Z
929,2015,4,3,Bahrain Grand Prix,2024-10-07T11:40:53.013Z,2015-04-19T15:00:00.000Z
930,2015,5,4,Spanish Grand Prix,2024-10-07T11:40:53.013Z,2015-05-10T12:00:00.000Z
928,2015,3,17,Chinese Grand Prix,2024-10-07T11:40:53.013Z,2015-04-12T06:00:00.000Z
926,2015,1,1,Australian Grand Prix,2024-10-07T11:40:53.013Z,2015-03-15T05:00:00.000Z
927,2015,2,2,Malaysian Grand Prix,2024-10-07T11:40:53.013Z,2015-03-29T07:00:00.000Z
933,2015,8,70,Austrian Grand Prix,2024-10-07T11:40:53.013Z,2015-06-21T12:00:00.000Z
934,2015,9,9,British Grand Prix,2024-10-07T11:40:53.013Z,2015-07-05T12:00:00.000Z
936,2015,10,11,Hungarian Grand Prix,2024-10-07T11:40:53.013Z,2015-07-26T12:00:00.000Z
937,2015,11,13,Belgian Grand Prix,2024-10-07T11:40:53.013Z,2015-08-23T12:00:00.000Z
938,2015,12,14,Italian Grand Prix,2024-10-07T11:40:53.013Z,2015-09-06T12:00:00.000Z
939,2015,13,15,Singapore Grand Prix,2024-10-07T11:40:53.013Z,2015-09-20T12:00:00.000Z
940,2015,14,22,Japanese Grand Prix,2024-10-07T11:40:53.013Z,2015-09-27T05:00:00.000Z
941,2015,15,71,Russian Grand Prix,2024-10-07T11:40:53.013Z,2015-10-11T11:00:00.000Z
942,2015,16,69,United States Grand Prix,2024-10-07T11:40:53.013Z,2015-10-25T19:00:00.000Z
943,2015,17,32,Mexican Grand Prix,2024-10-07T11:40:53.013Z,2015-11-01T19:00:00.000Z
944,2015,18,18,Brazilian Grand Prix,2024-10-07T11:40:53.013Z,2015-11-15T16:00:00.000Z
945,2015,19,24,Abu Dhabi Grand Prix,2024-10-07T11:40:53.013Z,2015-11-29T13:00:00.000Z
1,2009,1,1,Australian Grand Prix,2024-10-07T11:40:53.013Z,2009-03-29T06:00:00.000Z
2,2009,2,2,Malaysian Grand Prix,2024-10-07T11:40:53.013Z,2009-04-05T09:00:00.000Z
3,2009,3,17,Chinese Grand Prix,2024-10-07T11:40:53.013Z,2009-04-19T07:00:00.000Z
4,2009,4,3,Bahrain Grand Prix,2024-10-07T11:40:53.013Z,2009-04-26T12:00:00.000Z
5,2009,5,4,Spanish Grand Prix,2024-10-07T11:40:53.013Z,2009-05-10T12:00:00.000Z
6,2009,6,6,Monaco Grand Prix,2024-10-07T11:40:53.013Z,2009-05-24T12:00:00.000Z
7,2009,7,5,Turkish Grand Prix,2024-10-07T11:40:53.013Z,2009-06-07T12:00:00.000Z
8,2009,8,9,British Grand Prix,2024-10-07T11:40:53.013Z,2009-06-21T12:00:00.000Z
9,2009,9,20,German Grand Prix,2024-10-07T11:40:53.013Z,2009-07-12T12:00:00.000Z
10,2009,10,11,Hungarian Grand Prix,2024-10-07T11:40:53.013Z,2009-07-26T12:00:00.000Z
11,2009,11,12,European Grand Prix,2024-10-07T11:40:53.013Z,2009-08-23T12:00:00.000Z
12,2009,12,13,Belgian Grand Prix,2024-10-07T11:40:53.013Z,2009-08-30T12:00:00.000Z
13,2009,13,14,Italian Grand Prix,2024-10-07T11:40:53.013Z,2009-09-13T12:00:00.000Z
14,2009,14,15,Singapore Grand Prix,2024-10-07T11:40:53.013Z,2009-09-27T12:00:00.000Z
15,2009,15,22,Japanese Grand Prix,2024-10-07T11:40:53.013Z,2009-10-04T05:00:00.000Z
16,2009,16,18,Brazilian Grand Prix,2024-10-07T11:40:53.013Z,2009-10-18T16:00:00.000Z
17,2009,17,24,Abu Dhabi Grand Prix,2024-10-07T11:40:53.013Z,2009-11-01T11:00:00.000Z
90,2004,1,1,Australian Grand Prix,2024-10-07T11:40:53.013Z,null
91,2004,2,2,Malaysian Grand Prix,2024-10-07T11:40:53.013Z,null
92,2004,3,3,Bahrain Grand Prix,2024-10-07T11:40:53.013Z,null
93,2004,4,21,San Marino Grand Prix,2024-10-07T11:40:53.013Z,null
94,2004,5,4,Spanish Grand Prix,2024-10-07T11:40:53.013Z,null
95,2004,6,6,Monaco Grand Prix,2024-10-07T11:40:53.013Z,null
96,2004,7,20,European Grand Prix,2024-10-07T11:40:53.013Z,null
97,2004,8,7,Canadian Grand Prix,2024-10-07T11:40:53.013Z,null
98,2004,9,19,United States Grand Prix,2024-10-07T11:40:53.013Z,null
99,2004,10,8,French Grand Prix,2024-10-07T11:40:53.013Z,null
100,2004,11,9,British Grand Prix,2024-10-07T11:40:53.013Z,null
101,2004,12,10,German Grand Prix,2024-10-07T11:40:53.013Z,null
102,2004,13,11,Hungarian Grand Prix,2024-10-07T11:40:53.013Z,null
103,2004,14,13,Belgian Grand Prix,2024-10-07T11:40:53.013Z,null
104,2004,15,14,Italian Grand Prix,2024-10-07T11:40:53.013Z,null
105,2004,16,17,Chinese Grand Prix,2024-10-07T11:40:53.013Z,null
106,2004,17,22,Japanese Grand Prix,2024-10-07T11:40:53.013Z,null
107,2004,18,18,Brazilian Grand Prix,2024-10-07T11:40:53.013Z,null
467,1982,1,30,South African Grand Prix,2024-10-07T11:40:53.013Z,null
468,1982,2,36,Brazilian Grand Prix,2024-10-07T11:40:53.013Z,null
469,1982,3,43,United States Grand Prix West,2024-10-07T11:40:53.013Z,null
470,1982,4,21,San Marino Grand Prix,2024-10-07T11:40:53.013Z,null
471,1982,5,40,Belgian Grand Prix,2024-10-07T11:40:53.013Z,null
472,1982,6,6,Monaco Grand Prix,2024-10-07T11:40:53.013Z,null
473,1982,7,37,Detroit Grand Prix,2024-10-07T11:40:53.013Z,null
474,1982,8,7,Canadian Grand Prix,2024-10-07T11:40:53.013Z,null
475,1982,9,39,Dutch Grand Prix,2024-10-07T11:40:53.013Z,null
476,1982,10,38,British Grand Prix,2024-10-07T11:40:53.013Z,null
477,1982,11,34,French Grand Prix,2024-10-07T11:40:53.013Z,null
478,1982,12,10,German Grand Prix,2024-10-07T11:40:53.013Z,null
479,1982,13,23,Austrian Grand Prix,2024-10-07T11:40:53.013Z,null
480,1982,14,41,Swiss Grand Prix,2024-10-07T11:40:53.013Z,null
481,1982,15,14,Italian Grand Prix,2024-10-07T11:40:53.013Z,null
482,1982,16,44,Caesars Palace Grand Prix,2024-10-07T11:40:53.013Z,null
305,1991,1,33,United States Grand Prix,2024-10-07T11:40:53.013Z,null
306,1991,2,18,Brazilian Grand Prix,2024-10-07T11:40:53.013Z,null
307,1991,3,21,San Marino Grand Prix,2024-10-07T11:40:53.013Z,null
308,1991,4,6,Monaco Grand Prix,2024-10-07T11:40:53.013Z,null
309,1991,5,7,Canadian Grand Prix,2024-10-07T11:40:53.013Z,null
310,1991,6,32,Mexican Grand Prix,2024-10-07T11:40:53.013Z,null
311,1991,7,8,French Grand Prix,2024-10-07T11:40:53.013Z,null
312,1991,8,9,British Grand Prix,2024-10-07T11:40:53.013Z,null
313,1991,9,10,German Grand Prix,2024-10-07T11:40:53.013Z,null
314,1991,10,11,Hungarian Grand Prix,2024-10-07T11:40:53.013Z,null
315,1991,11,13,Belgian Grand Prix,2024-10-07T11:40:53.013Z,null
316,1991,12,14,Italian Grand Prix,2024-10-07T11:40:53.013Z,null
317,1991,13,27,Portuguese Grand Prix,2024-10-07T11:40:53.013Z,null
318,1991,14,4,Spanish Grand Prix,2024-10-07T11:40:53.013Z,null
319,1991,15,22,Japanese Grand Prix,2024-10-07T11:40:53.013Z,null
320,1991,16,29,Australian Grand Prix,2024-10-07T11:40:53.013Z,null
273,1993,1,30,South African Grand Prix,2024-10-07T11:40:53.013Z,null
274,1993,2,18,Brazilian Grand Prix,2024-10-07T11:40:53.013Z,null
275,1993,3,31,European Grand Prix,2024-10-07T11:40:53.013Z,null
276,1993,4,21,San Marino Grand Prix,2024-10-07T11:40:53.013Z,null
277,1993,5,4,Spanish Grand Prix,2024-10-07T11:40:53.013Z,null
278,1993,6,6,Monaco Grand Prix,2024-10-07T11:40:53.013Z,null
279,1993,7,7,Canadian Grand Prix,2024-10-07T11:40:53.013Z,null
280,1993,8,8,French Grand Prix,2024-10-07T11:40:53.013Z,null
281,1993,9,9,British Grand Prix,2024-10-07T11:40:53.013Z,null
282,1993,10,10,German Grand Prix,2024-10-07T11:40:53.013Z,null
283,1993,11,11,Hungarian Grand Prix,2024-10-07T11:40:53.013Z,null
284,1993,12,13,Belgian Grand Prix,2024-10-07T11:40:53.013Z,null
285,1993,13,14,Italian Grand Prix,2024-10-07T11:40:53.013Z,null
286,1993,14,27,Portuguese Grand Prix,2024-10-07T11:40:53.013Z,null
287,1993,15,22,Japanese Grand Prix,2024-10-07T11:40:53.013Z,null
288,1993,16,29,Australian Grand Prix,2024-10-07T11:40:53.013Z,null
224,1996,1,1,Australian Grand Prix,2024-10-07T11:40:53.013Z,null
225,1996,2,18,Brazilian Grand Prix,2024-10-07T11:40:53.013Z,null
226,1996,3,25,Argentine Grand Prix,2024-10-07T11:40:53.013Z,null
227,1996,4,20,European Grand Prix,2024-10-07T11:40:53.013Z,null
228,1996,5,21,San Marino Grand Prix,2024-10-07T11:40:53.013Z,null
229,1996,6,6,Monaco Grand Prix,2024-10-07T11:40:53.013Z,null
230,1996,7,4,Spanish Grand Prix,2024-10-07T11:40:53.013Z,null
231,1996,8,7,Canadian Grand Prix,2024-10-07T11:40:53.013Z,null
232,1996,9,8,French Grand Prix,2024-10-07T11:40:53.013Z,null
233,1996,10,9,British Grand Prix,2024-10-07T11:40:53.013Z,null
234,1996,11,10,German Grand Prix,2024-10-07T11:40:53.013Z,null
235,1996,12,11,Hungarian Grand Prix,2024-10-07T11:40:53.013Z,null
236,1996,13,13,Belgian Grand Prix,2024-10-07T11:40:53.013Z,null
237,1996,14,14,Italian Grand Prix,2024-10-07T11:40:53.013Z,null
238,1996,15,27,Portuguese Grand Prix,2024-10-07T11:40:53.013Z,null
239,1996,16,22,Japanese Grand Prix,2024-10-07T11:40:53.013Z,null
191,1998,1,1,Australian Grand Prix,2024-10-07T11:40:53.013Z,null
192,1998,2,18,Brazilian Grand Prix,2024-10-07T11:40:53.013Z,null
193,1998,3,25,Argentine Grand Prix,2024-10-07T11:40:53.013Z,null
194,1998,4,21,San Marino Grand Prix,2024-10-07T11:40:53.013Z,null
195,1998,5,4,Spanish Grand Prix,2024-10-07T11:40:53.013Z,null
196,1998,6,6,Monaco Grand Prix,2024-10-07T11:40:53.013Z,null
197,1998,7,7,Canadian Grand Prix,2024-10-07T11:40:53.013Z,null
198,1998,8,8,French Grand Prix,2024-10-07T11:40:53.013Z,null
199,1998,9,9,British Grand Prix,2024-10-07T11:40:53.013Z,null
200,1998,10,23,Austrian Grand Prix,2024-10-07T11:40:53.013Z,null
201,1998,11,10,German Grand Prix,2024-10-07T11:40:53.013Z,null
202,1998,12,11,Hungarian Grand Prix,2024-10-07T11:40:53.013Z,null
203,1998,13,13,Belgian Grand Prix,2024-10-07T11:40:53.013Z,null
204,1998,14,14,Italian Grand Prix,2024-10-07T11:40:53.013Z,null
205,1998,15,20,Luxembourg Grand Prix,2024-10-07T11:40:53.013Z,null
206,1998,16,22,Japanese Grand Prix,2024-10-07T11:40:53.013Z,null
289,1992,1,30,South African Grand Prix,2024-10-07T11:40:53.013Z,null
290,1992,2,32,Mexican Grand Prix,2024-10-07T11:40:53.013Z,null
291,1992,3,18,Brazilian Grand Prix,2024-10-07T11:40:53.013Z,null
292,1992,4,4,Spanish Grand Prix,2024-10-07T11:40:53.013Z,null
293,1992,5,21,San Marino Grand Prix,2024-10-07T11:40:53.013Z,null
294,1992,6,6,Monaco Grand Prix,2024-10-07T11:40:53.013Z,null
295,1992,7,7,Canadian Grand Prix,2024-10-07T11:40:53.013Z,null
296,1992,8,8,French Grand Prix,2024-10-07T11:40:53.013Z,null
297,1992,9,9,British Grand Prix,2024-10-07T11:40:53.013Z,null
298,1992,10,10,German Grand Prix,2024-10-07T11:40:53.013Z,null
299,1992,11,11,Hungarian Grand Prix,2024-10-07T11:40:53.013Z,null
300,1992,12,13,Belgian Grand Prix,2024-10-07T11:40:53.013Z,null
301,1992,13,14,Italian Grand Prix,2024-10-07T11:40:53.013Z,null
302,1992,14,27,Portuguese Grand Prix,2024-10-07T11:40:53.013Z,null
303,1992,15,22,Japanese Grand Prix,2024-10-07T11:40:53.013Z,null
304,1992,16,29,Australian Grand Prix,2024-10-07T11:40:53.013Z,null
372,1988,1,36,Brazilian Grand Prix,2024-10-07T11:40:53.013Z,null
373,1988,2,21,San Marino Grand Prix,2024-10-07T11:40:53.013Z,null
374,1988,3,6,Monaco Grand Prix,2024-10-07T11:40:53.013Z,null
375,1988,4,32,Mexican Grand Prix,2024-10-07T11:40:53.013Z,null
376,1988,5,7,Canadian Grand Prix,2024-10-07T11:40:53.013Z,null
377,1988,6,37,Detroit Grand Prix,2024-10-07T11:40:53.013Z,null
378,1988,7,34,French Grand Prix,2024-10-07T11:40:53.013Z,null
379,1988,8,9,British Grand Prix,2024-10-07T11:40:53.013Z,null
380,1988,9,10,German Grand Prix,2024-10-07T11:40:53.013Z,null
381,1988,10,11,Hungarian Grand Prix,2024-10-07T11:40:53.013Z,null
382,1988,11,13,Belgian Grand Prix,2024-10-07T11:40:53.013Z,null
383,1988,12,14,Italian Grand Prix,2024-10-07T11:40:53.013Z,null
384,1988,13,27,Portuguese Grand Prix,2024-10-07T11:40:53.013Z,null
385,1988,14,26,Spanish Grand Prix,2024-10-07T11:40:53.013Z,null
386,1988,15,22,Japanese Grand Prix,2024-10-07T11:40:53.013Z,null
387,1988,16,29,Australian Grand Prix,2024-10-07T11:40:53.013Z,null
620,1972,1,25,Argentine Grand Prix,2024-10-07T11:40:53.013Z,null
621,1972,2,30,South African Grand Prix,2024-10-07T11:40:53.013Z,null
622,1972,3,45,Spanish Grand Prix,2024-10-07T11:40:53.013Z,null
623,1972,4,6,Monaco Grand Prix,2024-10-07T11:40:53.013Z,null
624,1972,5,50,Belgian Grand Prix,2024-10-07T11:40:53.013Z,null
625,1972,6,51,French Grand Prix,2024-10-07T11:40:53.013Z,null
626,1972,7,38,British Grand Prix,2024-10-07T11:40:53.013Z,null
627,1972,8,20,German Grand Prix,2024-10-07T11:40:53.013Z,null
628,1972,9,23,Austrian Grand Prix,2024-10-07T11:40:53.013Z,null
629,1972,10,14,Italian Grand Prix,2024-10-07T11:40:53.013Z,null
630,1972,11,48,Canadian Grand Prix,2024-10-07T11:40:53.013Z,null
631,1972,12,46,United States Grand Prix,2024-10-07T11:40:53.013Z,null
667,1968,1,30,South African Grand Prix,2024-10-07T11:40:53.013Z,null
668,1968,2,45,Spanish Grand Prix,2024-10-07T11:40:53.013Z,null
669,1968,3,6,Monaco Grand Prix,2024-10-07T11:40:53.013Z,null
670,1968,4,13,Belgian Grand Prix,2024-10-07T11:40:53.013Z,null
671,1968,5,39,Dutch Grand Prix,2024-10-07T11:40:53.013Z,null
672,1968,6,53,French Grand Prix,2024-10-07T11:40:53.013Z,null
673,1968,7,38,British Grand Prix,2024-10-07T11:40:53.013Z,null
674,1968,8,20,German Grand Prix,2024-10-07T11:40:53.013Z,null
675,1968,9,14,Italian Grand Prix,2024-10-07T11:40:53.013Z,null
676,1968,10,52,Canadian Grand Prix,2024-10-07T11:40:53.013Z,null
677,1968,11,46,United States Grand Prix,2024-10-07T11:40:53.013Z,null
678,1968,12,32,Mexican Grand Prix,2024-10-07T11:40:53.013Z,null
679,1967,1,30,South African Grand Prix,2024-10-07T11:40:53.013Z,null
680,1967,2,6,Monaco Grand Prix,2024-10-07T11:40:53.013Z,null
681,1967,3,39,Dutch Grand Prix,2024-10-07T11:40:53.013Z,null
682,1967,4,13,Belgian Grand Prix,2024-10-07T11:40:53.013Z,null
683,1967,5,54,French Grand Prix,2024-10-07T11:40:53.013Z,null
684,1967,6,9,British Grand Prix,2024-10-07T11:40:53.013Z,null
685,1967,7,20,German Grand Prix,2024-10-07T11:40:53.013Z,null
686,1967,8,48,Canadian Grand Prix,2024-10-07T11:40:53.013Z,null
687,1967,9,14,Italian Grand Prix,2024-10-07T11:40:53.013Z,null
688,1967,10,46,United States Grand Prix,2024-10-07T11:40:53.013Z,null
689,1967,11,32,Mexican Grand Prix,2024-10-07T11:40:53.013Z,null
746,1960,1,25,Argentine Grand Prix,2024-10-07T11:40:53.013Z,null
747,1960,2,6,Monaco Grand Prix,2024-10-07T11:40:53.013Z,null
748,1960,3,19,Indianapolis 500,2024-10-07T11:40:53.013Z,null
749,1960,4,39,Dutch Grand Prix,2024-10-07T11:40:53.013Z,null
750,1960,5,13,Belgian Grand Prix,2024-10-07T11:40:53.013Z,null
751,1960,6,55,French Grand Prix,2024-10-07T11:40:53.013Z,null
752,1960,7,9,British Grand Prix,2024-10-07T11:40:53.013Z,null
753,1960,8,59,Portuguese Grand Prix,2024-10-07T11:40:53.013Z,null
754,1960,9,14,Italian Grand Prix,2024-10-07T11:40:53.013Z,null
755,1960,10,60,United States Grand Prix,2024-10-07T11:40:53.013Z,null
719,1963,1,6,Monaco Grand Prix,2024-10-07T11:40:53.013Z,null
720,1963,2,13,Belgian Grand Prix,2024-10-07T11:40:53.013Z,null
721,1963,3,39,Dutch Grand Prix,2024-10-07T11:40:53.013Z,null
722,1963,4,55,French Grand Prix,2024-10-07T11:40:53.013Z,null
723,1963,5,9,British Grand Prix,2024-10-07T11:40:53.013Z,null
724,1963,6,20,German Grand Prix,2024-10-07T11:40:53.013Z,null
725,1963,7,14,Italian Grand Prix,2024-10-07T11:40:53.013Z,null
726,1963,8,46,United States Grand Prix,2024-10-07T11:40:53.013Z,null
727,1963,9,32,Mexican Grand Prix,2024-10-07T11:40:53.013Z,null
728,1963,10,56,South African Grand Prix,2024-10-07T11:40:53.013Z,null
709,1964,1,6,Monaco Grand Prix,2024-10-07T11:40:53.013Z,null
710,1964,2,39,Dutch Grand Prix,2024-10-07T11:40:53.013Z,null
711,1964,3,13,Belgian Grand Prix,2024-10-07T11:40:53.013Z,null
712,1964,4,53,French Grand Prix,2024-10-07T11:40:53.013Z,null
713,1964,5,38,British Grand Prix,2024-10-07T11:40:53.013Z,null
714,1964,6,20,German Grand Prix,2024-10-07T11:40:53.013Z,null
715,1964,7,57,Austrian Grand Prix,2024-10-07T11:40:53.013Z,null
716,1964,8,14,Italian Grand Prix,2024-10-07T11:40:53.013Z,null
717,1964,9,46,United States Grand Prix,2024-10-07T11:40:53.013Z,null
718,1964,10,32,Mexican Grand Prix,2024-10-07T11:40:53.013Z,null
729,1962,1,39,Dutch Grand Prix,2024-10-07T11:40:53.013Z,null
730,1962,2,6,Monaco Grand Prix,2024-10-07T11:40:53.013Z,null
731,1962,3,13,Belgian Grand Prix,2024-10-07T11:40:53.013Z,null
732,1962,4,53,French Grand Prix,2024-10-07T11:40:53.013Z,null
733,1962,5,58,British Grand Prix,2024-10-07T11:40:53.013Z,null
734,1962,6,20,German Grand Prix,2024-10-07T11:40:53.013Z,null
735,1962,7,14,Italian Grand Prix,2024-10-07T11:40:53.013Z,null
736,1962,8,46,United States Grand Prix,2024-10-07T11:40:53.013Z,null
737,1962,9,56,South African Grand Prix,2024-10-07T11:40:53.013Z,null
776,1957,1,25,Argentine Grand Prix,2024-10-07T11:40:53.013Z,null
777,1957,2,6,Monaco Grand Prix,2024-10-07T11:40:53.013Z,null
778,1957,3,19,Indianapolis 500,2024-10-07T11:40:53.013Z,null
779,1957,4,53,French Grand Prix,2024-10-07T11:40:53.013Z,null
780,1957,5,58,British Grand Prix,2024-10-07T11:40:53.013Z,null
781,1957,6,20,German Grand Prix,2024-10-07T11:40:53.013Z,null
782,1957,7,65,Pescara Grand Prix,2024-10-07T11:40:53.013Z,null
783,1957,8,14,Italian Grand Prix,2024-10-07T11:40:53.013Z,null
1010,2019,1,1,Australian Grand Prix,2024-10-07T11:40:53.013Z,2019-03-17T05:10:00.000Z
1011,2019,2,3,Bahrain Grand Prix,2024-10-07T11:40:53.013Z,2019-03-31T15:10:00.000Z
1012,2019,3,17,Chinese Grand Prix,2024-10-07T11:40:53.013Z,2019-04-14T06:10:00.000Z
1013,2019,4,73,Azerbaijan Grand Prix,2024-10-07T11:40:53.013Z,2019-04-28T12:10:00.000Z
1014,2019,5,4,Spanish Grand Prix,2024-10-07T11:40:53.013Z,2019-05-12T13:10:00.000Z
1015,2019,6,6,Monaco Grand Prix,2024-10-07T11:40:53.013Z,2019-05-26T13:10:00.000Z
1016,2019,7,7,Canadian Grand Prix,2024-10-07T11:40:53.013Z,2019-06-09T18:10:00.000Z
1017,2019,8,34,French Grand Prix,2024-10-07T11:40:53.013Z,2019-06-23T13:10:00.000Z
1018,2019,9,70,Austrian Grand Prix,2024-10-07T11:40:53.013Z,2019-06-30T13:10:00.000Z
1019,2019,10,9,British Grand Prix,2024-10-07T11:40:53.013Z,2019-07-14T13:10:00.000Z
1020,2019,11,10,German Grand Prix,2024-10-07T11:40:53.013Z,2019-07-28T13:10:00.000Z
1021,2019,12,11,Hungarian Grand Prix,2024-10-07T11:40:53.013Z,2019-08-04T13:10:00.000Z
1022,2019,13,13,Belgian Grand Prix,2024-10-07T11:40:53.013Z,2019-09-01T13:10:00.000Z
1023,2019,14,14,Italian Grand Prix,2024-10-07T11:40:53.013Z,2019-09-08T13:10:00.000Z
1024,2019,15,15,Singapore Grand Prix,2024-10-07T11:40:53.013Z,2019-09-22T12:10:00.000Z
1025,2019,16,71,Russian Grand Prix,2024-10-07T11:40:53.013Z,2019-09-29T11:10:00.000Z
1026,2019,17,22,Japanese Grand Prix,2024-10-07T11:40:53.013Z,2019-10-13T05:10:00.000Z
1027,2019,18,32,Mexican Grand Prix,2024-10-07T11:40:53.013Z,2019-10-27T19:10:00.000Z
1028,2019,19,69,United States Grand Prix,2024-10-07T11:40:53.013Z,2019-11-03T19:10:00.000Z
1029,2019,20,18,Brazilian Grand Prix,2024-10-07T11:40:53.013Z,2019-11-17T17:10:00.000Z
1030,2019,21,24,Abu Dhabi Grand Prix,2024-10-07T11:40:53.013Z,2019-12-01T13:10:00.000Z
860,2012,1,1,Australian Grand Prix,2024-10-07T11:40:53.013Z,2012-03-18T06:00:00.000Z
861,2012,2,2,Malaysian Grand Prix,2024-10-07T11:40:53.013Z,2012-03-25T08:00:00.000Z
862,2012,3,17,Chinese Grand Prix,2024-10-07T11:40:53.013Z,2012-04-15T07:00:00.000Z
863,2012,4,3,Bahrain Grand Prix,2024-10-07T11:40:53.013Z,2012-04-22T12:00:00.000Z
864,2012,5,4,Spanish Grand Prix,2024-10-07T11:40:53.013Z,2012-05-13T12:00:00.000Z
865,2012,6,6,Monaco Grand Prix,2024-10-07T11:40:53.013Z,2012-05-27T12:00:00.000Z
866,2012,7,7,Canadian Grand Prix,2024-10-07T11:40:53.013Z,2012-06-10T18:00:00.000Z
867,2012,8,12,European Grand Prix,2024-10-07T11:40:53.013Z,2012-06-24T12:00:00.000Z
868,2012,9,9,British Grand Prix,2024-10-07T11:40:53.013Z,2012-07-08T12:00:00.000Z
869,2012,10,10,German Grand Prix,2024-10-07T11:40:53.013Z,2012-07-22T12:00:00.000Z
870,2012,11,11,Hungarian Grand Prix,2024-10-07T11:40:53.013Z,2012-07-29T12:00:00.000Z
871,2012,12,13,Belgian Grand Prix,2024-10-07T11:40:53.013Z,2012-09-02T12:00:00.000Z
872,2012,13,14,Italian Grand Prix,2024-10-07T11:40:53.013Z,2012-09-09T12:00:00.000Z
873,2012,14,15,Singapore Grand Prix,2024-10-07T11:40:53.013Z,2012-09-23T12:00:00.000Z
874,2012,15,22,Japanese Grand Prix,2024-10-07T11:40:53.013Z,2012-10-07T06:00:00.000Z
875,2012,16,35,Korean Grand Prix,2024-10-07T11:40:53.013Z,2012-10-14T06:00:00.000Z
876,2012,17,68,Indian Grand Prix,2024-10-07T11:40:53.013Z,2012-10-28T09:30:00.000Z
877,2012,18,24,Abu Dhabi Grand Prix,2024-10-07T11:40:53.013Z,2012-11-04T13:00:00.000Z
878,2012,19,69,United States Grand Prix,2024-10-07T11:40:53.013Z,2012-11-18T19:00:00.000Z
879,2012,20,18,Brazilian Grand Prix,2024-10-07T11:40:53.013Z,2012-11-25T16:00:00.000Z
880,2013,1,1,Australian Grand Prix,2024-10-07T11:40:53.013Z,2013-03-17T06:00:00.000Z
881,2013,2,2,Malaysian Grand Prix,2024-10-07T11:40:53.013Z,2013-03-24T08:00:00.000Z
882,2013,3,17,Chinese Grand Prix,2024-10-07T11:40:53.013Z,2013-04-14T07:00:00.000Z
883,2013,4,3,Bahrain Grand Prix,2024-10-07T11:40:53.013Z,2013-04-21T12:00:00.000Z
884,2013,5,4,Spanish Grand Prix,2024-10-07T11:40:53.013Z,2013-05-12T12:00:00.000Z
885,2013,6,6,Monaco Grand Prix,2024-10-07T11:40:53.013Z,2013-05-26T12:00:00.000Z
886,2013,7,7,Canadian Grand Prix,2024-10-07T11:40:53.013Z,2013-06-09T18:00:00.000Z
887,2013,8,9,British Grand Prix,2024-10-07T11:40:53.013Z,2013-06-30T12:00:00.000Z
888,2013,9,20,German Grand Prix,2024-10-07T11:40:53.013Z,2013-07-07T12:00:00.000Z
890,2013,10,11,Hungarian Grand Prix,2024-10-07T11:40:53.013Z,2013-07-28T12:00:00.000Z
891,2013,11,13,Belgian Grand Prix,2024-10-07T11:40:53.013Z,2013-08-25T12:00:00.000Z
892,2013,12,14,Italian Grand Prix,2024-10-07T11:40:53.013Z,2013-09-08T12:00:00.000Z
893,2013,13,15,Singapore Grand Prix,2024-10-07T11:40:53.013Z,2013-09-22T12:00:00.000Z
894,2013,14,35,Korean Grand Prix,2024-10-07T11:40:53.013Z,2013-10-06T06:00:00.000Z
895,2013,15,22,Japanese Grand Prix,2024-10-07T11:40:53.013Z,2013-10-13T06:00:00.000Z
896,2013,16,68,Indian Grand Prix,2024-10-07T11:40:53.013Z,2013-10-27T09:30:00.000Z
897,2013,17,24,Abu Dhabi Grand Prix,2024-10-07T11:40:53.013Z,2013-11-03T13:00:00.000Z
898,2013,18,69,United States Grand Prix,2024-10-07T11:40:53.013Z,2013-11-17T19:00:00.000Z
899,2013,19,18,Brazilian Grand Prix,2024-10-07T11:40:53.013Z,2013-11-24T16:00:00.000Z
900,2014,1,1,Australian Grand Prix,2024-10-07T11:40:53.013Z,2014-03-16T06:00:00.000Z
901,2014,2,2,Malaysian Grand Prix,2024-10-07T11:40:53.013Z,2014-03-30T08:00:00.000Z
902,2014,3,3,Bahrain Grand Prix,2024-10-07T11:40:53.013Z,2014-04-06T15:00:00.000Z
903,2014,4,17,Chinese Grand Prix,2024-10-07T11:40:53.013Z,2014-04-20T07:00:00.000Z
904,2014,5,4,Spanish Grand Prix,2024-10-07T11:40:53.013Z,2014-05-11T12:00:00.000Z
905,2014,6,6,Monaco Grand Prix,2024-10-07T11:40:53.013Z,2014-05-25T12:00:00.000Z
906,2014,7,7,Canadian Grand Prix,2024-10-07T11:40:53.013Z,2014-06-08T18:00:00.000Z
907,2014,8,70,Austrian Grand Prix,2024-10-07T11:40:53.013Z,2014-06-22T12:00:00.000Z
908,2014,9,9,British Grand Prix,2024-10-07T11:40:53.013Z,2014-07-06T12:00:00.000Z
909,2014,10,10,German Grand Prix,2024-10-07T11:40:53.013Z,2014-07-20T12:00:00.000Z
910,2014,11,11,Hungarian Grand Prix,2024-10-07T11:40:53.013Z,2014-07-27T12:00:00.000Z
911,2014,12,13,Belgian Grand Prix,2024-10-07T11:40:53.013Z,2014-08-24T12:00:00.000Z
912,2014,13,14,Italian Grand Prix,2024-10-07T11:40:53.013Z,2014-09-07T12:00:00.000Z
913,2014,14,15,Singapore Grand Prix,2024-10-07T11:40:53.013Z,2014-09-21T12:00:00.000Z
914,2014,15,22,Japanese Grand Prix,2024-10-07T11:40:53.013Z,2014-10-05T06:00:00.000Z
915,2014,16,71,Russian Grand Prix,2024-10-07T11:40:53.013Z,2014-10-12T11:00:00.000Z
916,2014,17,69,United States Grand Prix,2024-10-07T11:40:53.013Z,2014-11-02T20:00:00.000Z
917,2014,18,18,Brazilian Grand Prix,2024-10-07T11:40:53.013Z,2014-11-09T16:00:00.000Z
918,2014,19,24,Abu Dhabi Grand Prix,2024-10-07T11:40:53.013Z,2014-11-23T13:00:00.000Z
71,2005,1,1,Australian Grand Prix,2024-10-07T11:40:53.013Z,2005-03-06T14:00:00.000Z
72,2005,2,2,Malaysian Grand Prix,2024-10-07T11:40:53.013Z,2005-03-20T15:00:00.000Z
73,2005,3,3,Bahrain Grand Prix,2024-10-07T11:40:53.013Z,2005-04-03T14:30:00.000Z
74,2005,4,21,San Marino Grand Prix,2024-10-07T11:40:53.013Z,2005-04-24T14:00:00.000Z
75,2005,5,4,Spanish Grand Prix,2024-10-07T11:40:53.013Z,2005-05-08T14:00:00.000Z
76,2005,6,6,Monaco Grand Prix,2024-10-07T11:40:53.013Z,2005-05-22T14:00:00.000Z
77,2005,7,20,European Grand Prix,2024-10-07T11:40:53.013Z,2005-05-29T14:00:00.000Z
78,2005,8,7,Canadian Grand Prix,2024-10-07T11:40:53.013Z,2005-06-12T13:00:00.000Z
79,2005,9,19,United States Grand Prix,2024-10-07T11:40:53.013Z,2005-06-19T14:00:00.000Z
80,2005,10,8,French Grand Prix,2024-10-07T11:40:53.013Z,2005-07-03T14:00:00.000Z
81,2005,11,9,British Grand Prix,2024-10-07T11:40:53.013Z,2005-07-10T14:00:00.000Z
82,2005,12,10,German Grand Prix,2024-10-07T11:40:53.013Z,2005-07-24T14:00:00.000Z
83,2005,13,11,Hungarian Grand Prix,2024-10-07T11:40:53.013Z,2005-07-31T14:00:00.000Z
84,2005,14,5,Turkish Grand Prix,2024-10-07T11:40:53.013Z,2005-08-21T15:00:00.000Z
85,2005,15,14,Italian Grand Prix,2024-10-07T11:40:53.013Z,2005-09-04T14:00:00.000Z
86,2005,16,13,Belgian Grand Prix,2024-10-07T11:40:53.013Z,2005-09-11T14:00:00.000Z
87,2005,17,18,Brazilian Grand Prix,2024-10-07T11:40:53.013Z,2005-09-25T14:00:00.000Z
88,2005,18,22,Japanese Grand Prix,2024-10-07T11:40:53.013Z,2005-10-09T14:00:00.000Z
89,2005,19,17,Chinese Grand Prix,2024-10-07T11:40:53.013Z,2005-10-16T14:00:00.000Z
337,2010,1,3,Bahrain Grand Prix,2024-10-07T11:40:53.013Z,2010-03-14T12:00:00.000Z
338,2010,2,1,Australian Grand Prix,2024-10-07T11:40:53.013Z,2010-03-28T06:00:00.000Z
339,2010,3,2,Malaysian Grand Prix,2024-10-07T11:40:53.013Z,2010-04-04T08:00:00.000Z
340,2010,4,17,Chinese Grand Prix,2024-10-07T11:40:53.013Z,2010-04-18T06:00:00.000Z
341,2010,5,4,Spanish Grand Prix,2024-10-07T11:40:53.013Z,2010-05-09T12:00:00.000Z
342,2010,6,6,Monaco Grand Prix,2024-10-07T11:40:53.013Z,2010-05-16T12:00:00.000Z
343,2010,7,5,Turkish Grand Prix,2024-10-07T11:40:53.013Z,2010-05-30T11:00:00.000Z
344,2010,8,7,Canadian Grand Prix,2024-10-07T11:40:53.013Z,2010-06-13T16:00:00.000Z
345,2010,9,12,European Grand Prix,2024-10-07T11:40:53.013Z,2010-06-27T12:00:00.000Z
346,2010,10,9,British Grand Prix,2024-10-07T11:40:53.013Z,2010-07-11T12:00:00.000Z
347,2010,11,10,German Grand Prix,2024-10-07T11:40:53.013Z,2010-07-25T12:00:00.000Z
348,2010,12,11,Hungarian Grand Prix,2024-10-07T11:40:53.013Z,2010-08-01T12:00:00.000Z
349,2010,13,13,Belgian Grand Prix,2024-10-07T11:40:53.013Z,2010-08-29T12:00:00.000Z
350,2010,14,14,Italian Grand Prix,2024-10-07T11:40:53.013Z,2010-09-12T12:00:00.000Z
351,2010,15,15,Singapore Grand Prix,2024-10-07T11:40:53.013Z,2010-09-26T12:00:00.000Z
352,2010,16,22,Japanese Grand Prix,2024-10-07T11:40:53.013Z,2010-10-10T06:00:00.000Z
353,2010,17,35,Korean Grand Prix,2024-10-07T11:40:53.013Z,2010-10-24T05:00:00.000Z
354,2010,18,18,Brazilian Grand Prix,2024-10-07T11:40:53.013Z,2010-11-07T16:00:00.000Z
355,2010,19,24,Abu Dhabi Grand Prix,2024-10-07T11:40:53.013Z,2010-11-14T13:00:00.000Z
53,2006,1,3,Bahrain Grand Prix,2024-10-07T11:40:53.013Z,2006-03-12T14:30:00.000Z
54,2006,2,2,Malaysian Grand Prix,2024-10-07T11:40:53.013Z,2006-03-19T15:00:00.000Z
55,2006,3,1,Australian Grand Prix,2024-10-07T11:40:53.013Z,2006-04-02T14:00:00.000Z
56,2006,4,21,San Marino Grand Prix,2024-10-07T11:40:53.013Z,2006-04-23T14:00:00.000Z
57,2006,5,20,European Grand Prix,2024-10-07T11:40:53.013Z,2006-05-07T14:00:00.000Z
58,2006,6,4,Spanish Grand Prix,2024-10-07T11:40:53.013Z,2006-05-14T14:00:00.000Z
59,2006,7,6,Monaco Grand Prix,2024-10-07T11:40:53.013Z,2006-05-28T14:00:00.000Z
60,2006,8,9,British Grand Prix,2024-10-07T11:40:53.013Z,2006-06-11T12:00:00.000Z
61,2006,9,7,Canadian Grand Prix,2024-10-07T11:40:53.013Z,2006-06-25T13:00:00.000Z
62,2006,10,19,United States Grand Prix,2024-10-07T11:40:53.013Z,2006-07-02T14:00:00.000Z
63,2006,11,8,French Grand Prix,2024-10-07T11:40:53.013Z,2006-07-16T14:00:00.000Z
64,2006,12,10,German Grand Prix,2024-10-07T11:40:53.013Z,2006-07-30T14:00:00.000Z
65,2006,13,11,Hungarian Grand Prix,2024-10-07T11:40:53.013Z,2006-08-06T14:00:00.000Z
66,2006,14,5,Turkish Grand Prix,2024-10-07T11:40:53.013Z,2006-08-27T15:00:00.000Z
67,2006,15,14,Italian Grand Prix,2024-10-07T11:40:53.013Z,2006-09-10T14:00:00.000Z
68,2006,16,17,Chinese Grand Prix,2024-10-07T11:40:53.013Z,2006-10-01T14:00:00.000Z
69,2006,17,22,Japanese Grand Prix,2024-10-07T11:40:53.013Z,2006-10-08T14:00:00.000Z
70,2006,18,18,Brazilian Grand Prix,2024-10-07T11:40:53.013Z,2006-10-22T14:00:00.000Z
1031,2020,1,70,Austrian Grand Prix,2024-10-07T11:40:53.013Z,2020-07-05T13:10:00.000Z
1032,2020,2,70,Styrian Grand Prix,2024-10-07T11:40:53.013Z,2020-07-12T13:10:00.000Z
1033,2020,3,11,Hungarian Grand Prix,2024-10-07T11:40:53.013Z,2020-07-19T13:10:00.000Z
1034,2020,4,9,British Grand Prix,2024-10-07T11:40:53.013Z,2020-08-02T13:10:00.000Z
1035,2020,5,9,70th Anniversary Grand Prix,2024-10-07T11:40:53.013Z,2020-08-09T13:10:00.000Z
1036,2020,6,4,Spanish Grand Prix,2024-10-07T11:40:53.013Z,2020-08-16T13:10:00.000Z
1037,2020,7,13,Belgian Grand Prix,2024-10-07T11:40:53.013Z,2020-08-30T13:10:00.000Z
1038,2020,8,14,Italian Grand Prix,2024-10-07T11:40:53.013Z,2020-09-06T13:10:00.000Z
1039,2020,9,76,Tuscan Grand Prix,2024-10-07T11:40:53.013Z,2020-09-13T13:10:00.000Z
1040,2020,10,71,Russian Grand Prix,2024-10-07T11:40:53.013Z,2020-09-27T11:10:00.000Z
1041,2020,11,20,Eifel Grand Prix,2024-10-07T11:40:53.013Z,2020-10-11T13:10:00.000Z
1042,2020,12,75,Portuguese Grand Prix,2024-10-07T11:40:53.013Z,2020-10-25T12:10:00.000Z
1043,2020,13,21,Emilia Romagna Grand Prix,2024-10-07T11:40:53.013Z,2020-11-01T12:10:00.000Z
1044,2020,14,5,Turkish Grand Prix,2024-10-07T11:40:53.013Z,2020-11-15T10:10:00.000Z
1045,2020,15,3,Bahrain Grand Prix,2024-10-07T11:40:53.013Z,2020-11-29T14:10:00.000Z
1046,2020,16,3,Sakhir Grand Prix,2024-10-07T11:40:53.013Z,2020-12-06T17:10:00.000Z
1047,2020,17,24,Abu Dhabi Grand Prix,2024-10-07T11:40:53.013Z,2020-12-13T13:10:00.000Z
18,2008,1,1,Australian Grand Prix,2024-10-07T11:40:53.013Z,2008-03-16T04:30:00.000Z
19,2008,2,2,Malaysian Grand Prix,2024-10-07T11:40:53.013Z,2008-03-23T07:00:00.000Z
20,2008,3,3,Bahrain Grand Prix,2024-10-07T11:40:53.013Z,2008-04-06T11:30:00.000Z
21,2008,4,4,Spanish Grand Prix,2024-10-07T11:40:53.013Z,2008-04-27T12:00:00.000Z
22,2008,5,5,Turkish Grand Prix,2024-10-07T11:40:53.013Z,2008-05-11T12:00:00.000Z
23,2008,6,6,Monaco Grand Prix,2024-10-07T11:40:53.013Z,2008-05-25T12:00:00.000Z
24,2008,7,7,Canadian Grand Prix,2024-10-07T11:40:53.013Z,2008-06-08T17:00:00.000Z
25,2008,8,8,French Grand Prix,2024-10-07T11:40:53.013Z,2008-06-22T12:00:00.000Z
26,2008,9,9,British Grand Prix,2024-10-07T11:40:53.013Z,2008-07-06T12:00:00.000Z
27,2008,10,10,German Grand Prix,2024-10-07T11:40:53.013Z,2008-07-20T12:00:00.000Z
28,2008,11,11,Hungarian Grand Prix,2024-10-07T11:40:53.013Z,2008-08-03T12:00:00.000Z
29,2008,12,12,European Grand Prix,2024-10-07T11:40:53.013Z,2008-08-24T12:00:00.000Z
30,2008,13,13,Belgian Grand Prix,2024-10-07T11:40:53.013Z,2008-09-07T12:00:00.000Z
31,2008,14,14,Italian Grand Prix,2024-10-07T11:40:53.013Z,2008-09-14T12:00:00.000Z
32,2008,15,15,Singapore Grand Prix,2024-10-07T11:40:53.013Z,2008-09-28T12:00:00.000Z
33,2008,16,16,Japanese Grand Prix,2024-10-07T11:40:53.013Z,2008-10-12T04:30:00.000Z
34,2008,17,17,Chinese Grand Prix,2024-10-07T11:40:53.013Z,2008-10-19T07:00:00.000Z
35,2008,18,18,Brazilian Grand Prix,2024-10-07T11:40:53.013Z,2008-11-02T17:00:00.000Z
158,2000,1,1,Australian Grand Prix,2024-10-07T11:40:53.013Z,null
159,2000,2,18,Brazilian Grand Prix,2024-10-07T11:40:53.013Z,null
160,2000,3,21,San Marino Grand Prix,2024-10-07T11:40:53.013Z,null
161,2000,4,9,British Grand Prix,2024-10-07T11:40:53.013Z,null
162,2000,5,4,Spanish Grand Prix,2024-10-07T11:40:53.013Z,null
163,2000,6,20,European Grand Prix,2024-10-07T11:40:53.013Z,null
164,2000,7,6,Monaco Grand Prix,2024-10-07T11:40:53.013Z,null
165,2000,8,7,Canadian Grand Prix,2024-10-07T11:40:53.013Z,null
166,2000,9,8,French Grand Prix,2024-10-07T11:40:53.013Z,null
167,2000,10,23,Austrian Grand Prix,2024-10-07T11:40:53.013Z,null
168,2000,11,10,German Grand Prix,2024-10-07T11:40:53.013Z,null
169,2000,12,11,Hungarian Grand Prix,2024-10-07T11:40:53.013Z,null
170,2000,13,13,Belgian Grand Prix,2024-10-07T11:40:53.013Z,null
171,2000,14,14,Italian Grand Prix,2024-10-07T11:40:53.013Z,null
172,2000,15,19,United States Grand Prix,2024-10-07T11:40:53.013Z,null
173,2000,16,22,Japanese Grand Prix,2024-10-07T11:40:53.013Z,null
174,2000,17,2,Malaysian Grand Prix,2024-10-07T11:40:53.013Z,null
141,2001,1,1,Australian Grand Prix,2024-10-07T11:40:53.013Z,null
142,2001,2,2,Malaysian Grand Prix,2024-10-07T11:40:53.013Z,null
143,2001,3,18,Brazilian Grand Prix,2024-10-07T11:40:53.013Z,null
144,2001,4,21,San Marino Grand Prix,2024-10-07T11:40:53.013Z,null
145,2001,5,4,Spanish Grand Prix,2024-10-07T11:40:53.013Z,null
146,2001,6,23,Austrian Grand Prix,2024-10-07T11:40:53.013Z,null
147,2001,7,6,Monaco Grand Prix,2024-10-07T11:40:53.013Z,null
148,2001,8,7,Canadian Grand Prix,2024-10-07T11:40:53.013Z,null
149,2001,9,20,European Grand Prix,2024-10-07T11:40:53.013Z,null
150,2001,10,8,French Grand Prix,2024-10-07T11:40:53.013Z,null
151,2001,11,9,British Grand Prix,2024-10-07T11:40:53.013Z,null
152,2001,12,10,German Grand Prix,2024-10-07T11:40:53.013Z,null
153,2001,13,11,Hungarian Grand Prix,2024-10-07T11:40:53.013Z,null
154,2001,14,13,Belgian Grand Prix,2024-10-07T11:40:53.013Z,null
155,2001,15,14,Italian Grand Prix,2024-10-07T11:40:53.013Z,null
156,2001,16,19,United States Grand Prix,2024-10-07T11:40:53.013Z,null
157,2001,17,22,Japanese Grand Prix,2024-10-07T11:40:53.013Z,null
483,1981,1,43,United States Grand Prix West,2024-10-07T11:40:53.013Z,null
484,1981,2,36,Brazilian Grand Prix,2024-10-07T11:40:53.013Z,null
485,1981,3,25,Argentine Grand Prix,2024-10-07T11:40:53.013Z,null
486,1981,4,21,San Marino Grand Prix,2024-10-07T11:40:53.013Z,null
487,1981,5,40,Belgian Grand Prix,2024-10-07T11:40:53.013Z,null
488,1981,6,6,Monaco Grand Prix,2024-10-07T11:40:53.013Z,null
489,1981,7,45,Spanish Grand Prix,2024-10-07T11:40:53.013Z,null
490,1981,8,41,French Grand Prix,2024-10-07T11:40:53.013Z,null
491,1981,9,9,British Grand Prix,2024-10-07T11:40:53.013Z,null
492,1981,10,10,German Grand Prix,2024-10-07T11:40:53.013Z,null
493,1981,11,23,Austrian Grand Prix,2024-10-07T11:40:53.013Z,null
494,1981,12,39,Dutch Grand Prix,2024-10-07T11:40:53.013Z,null
495,1981,13,14,Italian Grand Prix,2024-10-07T11:40:53.013Z,null
496,1981,14,7,Canadian Grand Prix,2024-10-07T11:40:53.013Z,null
497,1981,15,44,Caesars Palace Grand Prix,2024-10-07T11:40:53.013Z,null
436,1984,1,36,Brazilian Grand Prix,2024-10-07T11:40:53.013Z,null
437,1984,2,30,South African Grand Prix,2024-10-07T11:40:53.013Z,null
438,1984,3,40,Belgian Grand Prix,2024-10-07T11:40:53.013Z,null
439,1984,4,21,San Marino Grand Prix,2024-10-07T11:40:53.013Z,null
440,1984,5,41,French Grand Prix,2024-10-07T11:40:53.013Z,null
441,1984,6,6,Monaco Grand Prix,2024-10-07T11:40:53.013Z,null
442,1984,7,7,Canadian Grand Prix,2024-10-07T11:40:53.013Z,null
443,1984,8,37,Detroit Grand Prix,2024-10-07T11:40:53.013Z,null
444,1984,9,42,Dallas Grand Prix,2024-10-07T11:40:53.013Z,null
445,1984,10,38,British Grand Prix,2024-10-07T11:40:53.013Z,null
446,1984,11,10,German Grand Prix,2024-10-07T11:40:53.013Z,null
447,1984,12,23,Austrian Grand Prix,2024-10-07T11:40:53.013Z,null
448,1984,13,39,Dutch Grand Prix,2024-10-07T11:40:53.013Z,null
449,1984,14,14,Italian Grand Prix,2024-10-07T11:40:53.013Z,null
450,1984,15,20,European Grand Prix,2024-10-07T11:40:53.013Z,null
451,1984,16,27,Portuguese Grand Prix,2024-10-07T11:40:53.013Z,null
388,1987,1,36,Brazilian Grand Prix,2024-10-07T11:40:53.013Z,null
389,1987,2,21,San Marino Grand Prix,2024-10-07T11:40:53.013Z,null
390,1987,3,13,Belgian Grand Prix,2024-10-07T11:40:53.013Z,null
391,1987,4,6,Monaco Grand Prix,2024-10-07T11:40:53.013Z,null
392,1987,5,37,Detroit Grand Prix,2024-10-07T11:40:53.013Z,null
393,1987,6,34,French Grand Prix,2024-10-07T11:40:53.013Z,null
394,1987,7,9,British Grand Prix,2024-10-07T11:40:53.013Z,null
395,1987,8,10,German Grand Prix,2024-10-07T11:40:53.013Z,null
396,1987,9,11,Hungarian Grand Prix,2024-10-07T11:40:53.013Z,null
397,1987,10,23,Austrian Grand Prix,2024-10-07T11:40:53.013Z,null
398,1987,11,14,Italian Grand Prix,2024-10-07T11:40:53.013Z,null
399,1987,12,27,Portuguese Grand Prix,2024-10-07T11:40:53.013Z,null
400,1987,13,26,Spanish Grand Prix,2024-10-07T11:40:53.013Z,null
401,1987,14,32,Mexican Grand Prix,2024-10-07T11:40:53.013Z,null
402,1987,15,22,Japanese Grand Prix,2024-10-07T11:40:53.013Z,null
403,1987,16,29,Australian Grand Prix,2024-10-07T11:40:53.013Z,null
643,1970,1,30,South African Grand Prix,2024-10-07T11:40:53.013Z,null
644,1970,2,45,Spanish Grand Prix,2024-10-07T11:40:53.013Z,null
645,1970,3,6,Monaco Grand Prix,2024-10-07T11:40:53.013Z,null
646,1970,4,13,Belgian Grand Prix,2024-10-07T11:40:53.013Z,null
647,1970,5,39,Dutch Grand Prix,2024-10-07T11:40:53.013Z,null
648,1970,6,51,French Grand Prix,2024-10-07T11:40:53.013Z,null
649,1970,7,38,British Grand Prix,2024-10-07T11:40:53.013Z,null
650,1970,8,10,German Grand Prix,2024-10-07T11:40:53.013Z,null
651,1970,9,23,Austrian Grand Prix,2024-10-07T11:40:53.013Z,null
652,1970,10,14,Italian Grand Prix,2024-10-07T11:40:53.013Z,null
653,1970,11,52,Canadian Grand Prix,2024-10-07T11:40:53.013Z,null
654,1970,12,46,United States Grand Prix,2024-10-07T11:40:53.013Z,null
655,1970,13,32,Mexican Grand Prix,2024-10-07T11:40:53.013Z,null
756,1959,1,6,Monaco Grand Prix,2024-10-07T11:40:53.013Z,null
757,1959,2,19,Indianapolis 500,2024-10-07T11:40:53.013Z,null
758,1959,3,39,Dutch Grand Prix,2024-10-07T11:40:53.013Z,null
759,1959,4,55,French Grand Prix,2024-10-07T11:40:53.013Z,null
760,1959,5,58,British Grand Prix,2024-10-07T11:40:53.013Z,null
761,1959,6,61,German Grand Prix,2024-10-07T11:40:53.013Z,null
762,1959,7,62,Portuguese Grand Prix,2024-10-07T11:40:53.013Z,null
763,1959,8,14,Italian Grand Prix,2024-10-07T11:40:53.013Z,null
764,1959,9,63,United States Grand Prix,2024-10-07T11:40:53.013Z,null
738,1961,1,6,Monaco Grand Prix,2024-10-07T11:40:53.013Z,null
739,1961,2,39,Dutch Grand Prix,2024-10-07T11:40:53.013Z,null
740,1961,3,13,Belgian Grand Prix,2024-10-07T11:40:53.013Z,null
741,1961,4,55,French Grand Prix,2024-10-07T11:40:53.013Z,null
742,1961,5,58,British Grand Prix,2024-10-07T11:40:53.013Z,null
743,1961,6,20,German Grand Prix,2024-10-07T11:40:53.013Z,null
744,1961,7,14,Italian Grand Prix,2024-10-07T11:40:53.013Z,null
745,1961,8,46,United States Grand Prix,2024-10-07T11:40:53.013Z,null
784,1956,1,25,Argentine Grand Prix,2024-10-07T11:40:53.013Z,null
785,1956,2,6,Monaco Grand Prix,2024-10-07T11:40:53.013Z,null
786,1956,3,19,Indianapolis 500,2024-10-07T11:40:53.013Z,null
787,1956,4,13,Belgian Grand Prix,2024-10-07T11:40:53.013Z,null
788,1956,5,55,French Grand Prix,2024-10-07T11:40:53.013Z,null
789,1956,6,9,British Grand Prix,2024-10-07T11:40:53.013Z,null
790,1956,7,20,German Grand Prix,2024-10-07T11:40:53.013Z,null
791,1956,8,14,Italian Grand Prix,2024-10-07T11:40:53.013Z,null
825,1951,1,66,Swiss Grand Prix,2024-10-07T11:40:53.013Z,null
826,1951,2,19,Indianapolis 500,2024-10-07T11:40:53.013Z,null
827,1951,3,13,Belgian Grand Prix,2024-10-07T11:40:53.013Z,null
828,1951,4,55,French Grand Prix,2024-10-07T11:40:53.013Z,null
829,1951,5,9,British Grand Prix,2024-10-07T11:40:53.013Z,null
830,1951,6,20,German Grand Prix,2024-10-07T11:40:53.013Z,null
831,1951,7,14,Italian Grand Prix,2024-10-07T11:40:53.013Z,null
832,1951,8,67,Spanish Grand Prix,2024-10-07T11:40:53.013Z,null
833,1950,1,9,British Grand Prix,2024-10-07T11:40:53.013Z,null
834,1950,2,6,Monaco Grand Prix,2024-10-07T11:40:53.013Z,null
835,1950,3,19,Indianapolis 500,2024-10-07T11:40:53.013Z,null
836,1950,4,66,Swiss Grand Prix,2024-10-07T11:40:53.013Z,null
837,1950,5,13,Belgian Grand Prix,2024-10-07T11:40:53.013Z,null
838,1950,6,55,French Grand Prix,2024-10-07T11:40:53.013Z,null
839,1950,7,14,Italian Grand Prix,2024-10-07T11:40:53.013Z,null
948,2016,1,1,Australian Grand Prix,2024-10-07T11:40:53.013Z,2016-03-20T05:00:00.000Z
949,2016,2,3,Bahrain Grand Prix,2024-10-07T11:40:53.013Z,2016-04-03T15:00:00.000Z
950,2016,3,17,Chinese Grand Prix,2024-10-07T11:40:53.013Z,2016-04-17T06:00:00.000Z
951,2016,4,71,Russian Grand Prix,2024-10-07T11:40:53.013Z,2016-05-01T12:00:00.000Z
952,2016,5,4,Spanish Grand Prix,2024-10-07T11:40:53.013Z,2016-05-15T12:00:00.000Z
953,2016,6,6,Monaco Grand Prix,2024-10-07T11:40:53.013Z,2016-05-29T12:00:00.000Z
954,2016,7,7,Canadian Grand Prix,2024-10-07T11:40:53.013Z,2016-06-12T18:00:00.000Z
955,2016,8,73,European Grand Prix,2024-10-07T11:40:53.013Z,2016-06-19T13:00:00.000Z
956,2016,9,70,Austrian Grand Prix,2024-10-07T11:40:53.013Z,2016-07-03T12:00:00.000Z
957,2016,10,9,British Grand Prix,2024-10-07T11:40:53.013Z,2016-07-10T12:00:00.000Z
958,2016,11,11,Hungarian Grand Prix,2024-10-07T11:40:53.013Z,2016-07-24T12:00:00.000Z
959,2016,12,10,German Grand Prix,2024-10-07T11:40:53.013Z,2016-07-31T12:00:00.000Z
960,2016,13,13,Belgian Grand Prix,2024-10-07T11:40:53.013Z,2016-08-28T12:00:00.000Z
961,2016,14,14,Italian Grand Prix,2024-10-07T11:40:53.013Z,2016-09-04T12:00:00.000Z
962,2016,15,15,Singapore Grand Prix,2024-10-07T11:40:53.013Z,2016-09-18T12:00:00.000Z
963,2016,16,2,Malaysian Grand Prix,2024-10-07T11:40:53.013Z,2016-10-02T07:00:00.000Z
964,2016,17,22,Japanese Grand Prix,2024-10-07T11:40:53.013Z,2016-10-09T05:00:00.000Z
965,2016,18,69,United States Grand Prix,2024-10-07T11:40:53.013Z,2016-10-23T19:00:00.000Z
966,2016,19,32,Mexican Grand Prix,2024-10-07T11:40:53.013Z,2016-10-30T19:00:00.000Z
967,2016,20,18,Brazilian Grand Prix,2024-10-07T11:40:53.013Z,2016-11-13T16:00:00.000Z
968,2016,21,24,Abu Dhabi Grand Prix,2024-10-07T11:40:53.013Z,2016-11-27T13:00:00.000Z
841,2011,1,1,Australian Grand Prix,2024-10-07T11:40:53.013Z,2011-03-27T06:00:00.000Z
842,2011,2,2,Malaysian Grand Prix,2024-10-07T11:40:53.013Z,2011-04-10T08:00:00.000Z
843,2011,3,17,Chinese Grand Prix,2024-10-07T11:40:53.013Z,2011-04-17T07:00:00.000Z
844,2011,4,5,Turkish Grand Prix,2024-10-07T11:40:53.013Z,2011-05-08T12:00:00.000Z
845,2011,5,4,Spanish Grand Prix,2024-10-07T11:40:53.013Z,2011-05-22T12:00:00.000Z
846,2011,6,6,Monaco Grand Prix,2024-10-07T11:40:53.013Z,2011-05-29T12:00:00.000Z
847,2011,7,7,Canadian Grand Prix,2024-10-07T11:40:53.013Z,2011-06-12T17:00:00.000Z
848,2011,8,12,European Grand Prix,2024-10-07T11:40:53.013Z,2011-06-26T12:00:00.000Z
849,2011,9,9,British Grand Prix,2024-10-07T11:40:53.013Z,2011-07-10T12:00:00.000Z
850,2011,10,20,German Grand Prix,2024-10-07T11:40:53.013Z,2011-07-24T12:00:00.000Z
851,2011,11,11,Hungarian Grand Prix,2024-10-07T11:40:53.013Z,2011-07-31T12:00:00.000Z
852,2011,12,13,Belgian Grand Prix,2024-10-07T11:40:53.013Z,2011-08-28T12:00:00.000Z
853,2011,13,14,Italian Grand Prix,2024-10-07T11:40:53.013Z,2011-09-11T12:00:00.000Z
854,2011,14,15,Singapore Grand Prix,2024-10-07T11:40:53.013Z,2011-09-25T12:00:00.000Z
855,2011,15,22,Japanese Grand Prix,2024-10-07T11:40:53.013Z,2011-10-09T06:00:00.000Z
856,2011,16,35,Korean Grand Prix,2024-10-07T11:40:53.013Z,2011-10-16T06:00:00.000Z
857,2011,17,68,Indian Grand Prix,2024-10-07T11:40:53.013Z,2011-10-30T09:30:00.000Z
858,2011,18,24,Abu Dhabi Grand Prix,2024-10-07T11:40:53.013Z,2011-11-13T13:00:00.000Z
859,2011,19,18,Brazilian Grand Prix,2024-10-07T11:40:53.013Z,2011-11-27T16:00:00.000Z
543,1977,1,25,Argentine Grand Prix,2024-10-07T11:40:53.013Z,null
544,1977,2,18,Brazilian Grand Prix,2024-10-07T11:40:53.013Z,null
545,1977,3,30,South African Grand Prix,2024-10-07T11:40:53.013Z,null
546,1977,4,43,United States Grand Prix West,2024-10-07T11:40:53.013Z,null
547,1977,5,45,Spanish Grand Prix,2024-10-07T11:40:53.013Z,null
548,1977,6,6,Monaco Grand Prix,2024-10-07T11:40:53.013Z,null
549,1977,7,40,Belgian Grand Prix,2024-10-07T11:40:53.013Z,null
550,1977,8,47,Swedish Grand Prix,2024-10-07T11:40:53.013Z,null
551,1977,9,41,French Grand Prix,2024-10-07T11:40:53.013Z,null
552,1977,10,9,British Grand Prix,2024-10-07T11:40:53.013Z,null
553,1977,11,10,German Grand Prix,2024-10-07T11:40:53.013Z,null
554,1977,12,23,Austrian Grand Prix,2024-10-07T11:40:53.013Z,null
555,1977,13,39,Dutch Grand Prix,2024-10-07T11:40:53.013Z,null
556,1977,14,14,Italian Grand Prix,2024-10-07T11:40:53.013Z,null
557,1977,15,46,United States Grand Prix,2024-10-07T11:40:53.013Z,null
558,1977,16,48,Canadian Grand Prix,2024-10-07T11:40:53.013Z,null
559,1977,17,16,Japanese Grand Prix,2024-10-07T11:40:53.013Z,null
527,1978,1,25,Argentine Grand Prix,2024-10-07T11:40:53.013Z,null
528,1978,2,36,Brazilian Grand Prix,2024-10-07T11:40:53.013Z,null
529,1978,3,30,South African Grand Prix,2024-10-07T11:40:53.013Z,null
530,1978,4,43,United States Grand Prix West,2024-10-07T11:40:53.013Z,null
531,1978,5,6,Monaco Grand Prix,2024-10-07T11:40:53.013Z,null
532,1978,6,40,Belgian Grand Prix,2024-10-07T11:40:53.013Z,null
533,1978,7,45,Spanish Grand Prix,2024-10-07T11:40:53.013Z,null
534,1978,8,47,Swedish Grand Prix,2024-10-07T11:40:53.013Z,null
535,1978,9,34,French Grand Prix,2024-10-07T11:40:53.013Z,null
536,1978,10,38,British Grand Prix,2024-10-07T11:40:53.013Z,null
537,1978,11,10,German Grand Prix,2024-10-07T11:40:53.013Z,null
538,1978,12,23,Austrian Grand Prix,2024-10-07T11:40:53.013Z,null
539,1978,13,39,Dutch Grand Prix,2024-10-07T11:40:53.013Z,null
540,1978,14,14,Italian Grand Prix,2024-10-07T11:40:53.013Z,null
541,1978,15,46,United States Grand Prix,2024-10-07T11:40:53.013Z,null
542,1978,16,7,Canadian Grand Prix,2024-10-07T11:40:53.013Z,null
207,1997,1,1,Australian Grand Prix,2024-10-07T11:40:53.013Z,null
208,1997,2,18,Brazilian Grand Prix,2024-10-07T11:40:53.013Z,null
209,1997,3,25,Argentine Grand Prix,2024-10-07T11:40:53.013Z,null
210,1997,4,21,San Marino Grand Prix,2024-10-07T11:40:53.013Z,null
211,1997,5,6,Monaco Grand Prix,2024-10-07T11:40:53.013Z,null
212,1997,6,4,Spanish Grand Prix,2024-10-07T11:40:53.013Z,null
213,1997,7,7,Canadian Grand Prix,2024-10-07T11:40:53.013Z,null
214,1997,8,8,French Grand Prix,2024-10-07T11:40:53.013Z,null
215,1997,9,9,British Grand Prix,2024-10-07T11:40:53.013Z,null
216,1997,10,10,German Grand Prix,2024-10-07T11:40:53.013Z,null
217,1997,11,11,Hungarian Grand Prix,2024-10-07T11:40:53.013Z,null
218,1997,12,13,Belgian Grand Prix,2024-10-07T11:40:53.013Z,null
219,1997,13,14,Italian Grand Prix,2024-10-07T11:40:53.013Z,null
220,1997,14,23,Austrian Grand Prix,2024-10-07T11:40:53.013Z,null
221,1997,15,20,Luxembourg Grand Prix,2024-10-07T11:40:53.013Z,null
222,1997,16,22,Japanese Grand Prix,2024-10-07T11:40:53.013Z,null
223,1997,17,26,European Grand Prix,2024-10-07T11:40:53.013Z,null
452,1983,1,36,Brazilian Grand Prix,2024-10-07T11:40:53.013Z,null
453,1983,2,43,United States Grand Prix West,2024-10-07T11:40:53.013Z,null
454,1983,3,34,French Grand Prix,2024-10-07T11:40:53.013Z,null
455,1983,4,21,San Marino Grand Prix,2024-10-07T11:40:53.013Z,null
456,1983,5,6,Monaco Grand Prix,2024-10-07T11:40:53.013Z,null
457,1983,6,13,Belgian Grand Prix,2024-10-07T11:40:53.013Z,null
458,1983,7,37,Detroit Grand Prix,2024-10-07T11:40:53.013Z,null
459,1983,8,7,Canadian Grand Prix,2024-10-07T11:40:53.013Z,null
460,1983,9,9,British Grand Prix,2024-10-07T11:40:53.013Z,null
461,1983,10,10,German Grand Prix,2024-10-07T11:40:53.013Z,null
462,1983,11,23,Austrian Grand Prix,2024-10-07T11:40:53.013Z,null
463,1983,12,39,Dutch Grand Prix,2024-10-07T11:40:53.013Z,null
464,1983,13,14,Italian Grand Prix,2024-10-07T11:40:53.013Z,null
465,1983,14,38,European Grand Prix,2024-10-07T11:40:53.013Z,null
466,1983,15,30,South African Grand Prix,2024-10-07T11:40:53.013Z,null
240,1995,1,18,Brazilian Grand Prix,2024-10-07T11:40:53.013Z,null
241,1995,2,25,Argentine Grand Prix,2024-10-07T11:40:53.013Z,null
242,1995,3,21,San Marino Grand Prix,2024-10-07T11:40:53.013Z,null
243,1995,4,4,Spanish Grand Prix,2024-10-07T11:40:53.013Z,null
244,1995,5,6,Monaco Grand Prix,2024-10-07T11:40:53.013Z,null
245,1995,6,7,Canadian Grand Prix,2024-10-07T11:40:53.013Z,null
246,1995,7,8,French Grand Prix,2024-10-07T11:40:53.013Z,null
247,1995,8,9,British Grand Prix,2024-10-07T11:40:53.013Z,null
248,1995,9,10,German Grand Prix,2024-10-07T11:40:53.013Z,null
249,1995,10,11,Hungarian Grand Prix,2024-10-07T11:40:53.013Z,null
250,1995,11,13,Belgian Grand Prix,2024-10-07T11:40:53.013Z,null
251,1995,12,14,Italian Grand Prix,2024-10-07T11:40:53.013Z,null
252,1995,13,27,Portuguese Grand Prix,2024-10-07T11:40:53.013Z,null
253,1995,14,20,European Grand Prix,2024-10-07T11:40:53.013Z,null
254,1995,15,28,Pacific Grand Prix,2024-10-07T11:40:53.013Z,null
255,1995,16,22,Japanese Grand Prix,2024-10-07T11:40:53.013Z,null
256,1995,17,29,Australian Grand Prix,2024-10-07T11:40:53.013Z,null
590,1974,1,25,Argentine Grand Prix,2024-10-07T11:40:53.013Z,null
591,1974,2,18,Brazilian Grand Prix,2024-10-07T11:40:53.013Z,null
592,1974,3,30,South African Grand Prix,2024-10-07T11:40:53.013Z,null
593,1974,4,45,Spanish Grand Prix,2024-10-07T11:40:53.013Z,null
594,1974,5,50,Belgian Grand Prix,2024-10-07T11:40:53.013Z,null
595,1974,6,6,Monaco Grand Prix,2024-10-07T11:40:53.013Z,null
596,1974,7,47,Swedish Grand Prix,2024-10-07T11:40:53.013Z,null
597,1974,8,39,Dutch Grand Prix,2024-10-07T11:40:53.013Z,null
598,1974,9,41,French Grand Prix,2024-10-07T11:40:53.013Z,null
599,1974,10,38,British Grand Prix,2024-10-07T11:40:53.013Z,null
600,1974,11,20,German Grand Prix,2024-10-07T11:40:53.013Z,null
601,1974,12,23,Austrian Grand Prix,2024-10-07T11:40:53.013Z,null
602,1974,13,14,Italian Grand Prix,2024-10-07T11:40:53.013Z,null
603,1974,14,48,Canadian Grand Prix,2024-10-07T11:40:53.013Z,null
604,1974,15,46,United States Grand Prix,2024-10-07T11:40:53.013Z,null
512,1979,1,25,Argentine Grand Prix,2024-10-07T11:40:53.013Z,null
513,1979,2,18,Brazilian Grand Prix,2024-10-07T11:40:53.013Z,null
514,1979,3,30,South African Grand Prix,2024-10-07T11:40:53.013Z,null
515,1979,4,43,United States Grand Prix West,2024-10-07T11:40:53.013Z,null
516,1979,5,45,Spanish Grand Prix,2024-10-07T11:40:53.013Z,null
517,1979,6,40,Belgian Grand Prix,2024-10-07T11:40:53.013Z,null
518,1979,7,6,Monaco Grand Prix,2024-10-07T11:40:53.013Z,null
519,1979,8,41,French Grand Prix,2024-10-07T11:40:53.013Z,null
520,1979,9,9,British Grand Prix,2024-10-07T11:40:53.013Z,null
521,1979,10,10,German Grand Prix,2024-10-07T11:40:53.013Z,null
522,1979,11,23,Austrian Grand Prix,2024-10-07T11:40:53.013Z,null
523,1979,12,39,Dutch Grand Prix,2024-10-07T11:40:53.013Z,null
524,1979,13,14,Italian Grand Prix,2024-10-07T11:40:53.013Z,null
525,1979,14,7,Canadian Grand Prix,2024-10-07T11:40:53.013Z,null
526,1979,15,46,United States Grand Prix,2024-10-07T11:40:53.013Z,null
404,1986,1,36,Brazilian Grand Prix,2024-10-07T11:40:53.013Z,null
405,1986,2,26,Spanish Grand Prix,2024-10-07T11:40:53.013Z,null
406,1986,3,21,San Marino Grand Prix,2024-10-07T11:40:53.013Z,null
407,1986,4,6,Monaco Grand Prix,2024-10-07T11:40:53.013Z,null
408,1986,5,13,Belgian Grand Prix,2024-10-07T11:40:53.013Z,null
409,1986,6,7,Canadian Grand Prix,2024-10-07T11:40:53.013Z,null
410,1986,7,37,Detroit Grand Prix,2024-10-07T11:40:53.013Z,null
411,1986,8,34,French Grand Prix,2024-10-07T11:40:53.013Z,null
412,1986,9,38,British Grand Prix,2024-10-07T11:40:53.013Z,null
413,1986,10,10,German Grand Prix,2024-10-07T11:40:53.013Z,null
414,1986,11,11,Hungarian Grand Prix,2024-10-07T11:40:53.013Z,null
415,1986,12,23,Austrian Grand Prix,2024-10-07T11:40:53.013Z,null
416,1986,13,14,Italian Grand Prix,2024-10-07T11:40:53.013Z,null
417,1986,14,27,Portuguese Grand Prix,2024-10-07T11:40:53.013Z,null
418,1986,15,32,Mexican Grand Prix,2024-10-07T11:40:53.013Z,null
419,1986,16,29,Australian Grand Prix,2024-10-07T11:40:53.013Z,null
632,1971,1,30,South African Grand Prix,2024-10-07T11:40:53.013Z,null
633,1971,2,49,Spanish Grand Prix,2024-10-07T11:40:53.013Z,null
634,1971,3,6,Monaco Grand Prix,2024-10-07T11:40:53.013Z,null
635,1971,4,39,Dutch Grand Prix,2024-10-07T11:40:53.013Z,null
636,1971,5,34,French Grand Prix,2024-10-07T11:40:53.013Z,null
637,1971,6,9,British Grand Prix,2024-10-07T11:40:53.013Z,null
638,1971,7,20,German Grand Prix,2024-10-07T11:40:53.013Z,null
639,1971,8,23,Austrian Grand Prix,2024-10-07T11:40:53.013Z,null
640,1971,9,14,Italian Grand Prix,2024-10-07T11:40:53.013Z,null
641,1971,10,48,Canadian Grand Prix,2024-10-07T11:40:53.013Z,null
642,1971,11,46,United States Grand Prix,2024-10-07T11:40:53.013Z,null
699,1965,1,56,South African Grand Prix,2024-10-07T11:40:53.013Z,null
700,1965,2,6,Monaco Grand Prix,2024-10-07T11:40:53.013Z,null
701,1965,3,13,Belgian Grand Prix,2024-10-07T11:40:53.013Z,null
702,1965,4,51,French Grand Prix,2024-10-07T11:40:53.013Z,null
703,1965,5,9,British Grand Prix,2024-10-07T11:40:53.013Z,null
704,1965,6,39,Dutch Grand Prix,2024-10-07T11:40:53.013Z,null
705,1965,7,20,German Grand Prix,2024-10-07T11:40:53.013Z,null
706,1965,8,14,Italian Grand Prix,2024-10-07T11:40:53.013Z,null
707,1965,9,46,United States Grand Prix,2024-10-07T11:40:53.013Z,null
708,1965,10,32,Mexican Grand Prix,2024-10-07T11:40:53.013Z,null
792,1955,1,25,Argentine Grand Prix,2024-10-07T11:40:53.013Z,null
793,1955,2,6,Monaco Grand Prix,2024-10-07T11:40:53.013Z,null
794,1955,3,19,Indianapolis 500,2024-10-07T11:40:53.013Z,null
795,1955,4,13,Belgian Grand Prix,2024-10-07T11:40:53.013Z,null
796,1955,5,39,Dutch Grand Prix,2024-10-07T11:40:53.013Z,null
797,1955,6,58,British Grand Prix,2024-10-07T11:40:53.013Z,null
798,1955,7,14,Italian Grand Prix,2024-10-07T11:40:53.013Z,null
